FLOC,Latitude,Longitude,Division,County,Town,Road,Line,Pole
9302-L0089-0447-0014-ED00001,43.24756052,-77.62575267,Central,MONROE,GREECE,ALPINE RD,169,1
9302-L0089-0447-0014-ED00002,43.25122949,-77.62555477,Central,MONROE,GREECE,ALPINE RD,169,10
9302-L0089-0447-0014-ED00003,43.25163284,-77.62552175,Central,MONROE,GREECE,ALPINE RD,169,11
9302-L0089-0447-0014-ED00004,43.25207443,-77.62551953,Central,MONROE,GREECE,ALPINE RD,169,12
9302-L0089-0447-0014-ED00005,43.25206079,-77.62539088,Central,MONROE,GREECE,ALPINE RD,169,12A
9302-L0089-0447-0014-ED00006,43.25241547,-77.62548712,Central,MONROE,GREECE,ALPINE RD,169,13
9302-L0089-0447-0014-ED00007,43.247965,-77.62571433,Central,MONROE,GREECE,ALPINE RD,169,2
9302-L0089-0447-0014-ED00008,43.24839991,-77.62570716,Central,MONROE,GREECE,ALPINE RD,169,3
9302-L0089-0447-0014-ED00009,43.24879487,-77.62569484,Central,MONROE,GREECE,ALPINE RD,169,4
9302-L0089-0447-0014-ED00012,43.24917954,-77.62566285,Central,MONROE,GREECE,ALPINE RD,169,5
9302-L0089-0447-0014-ED00013,43.24960056,-77.62566105,Central,MONROE,GREECE,ALPINE RD,169,6
9302-L0089-0447-0014-ED00014,43.24995668,-77.62564085,Central,MONROE,GREECE,ALPINE RD,169,7
9302-L0089-0447-0014-ED00015,43.25037734,-77.62562927,Central,MONROE,GREECE,ALPINE RD,169,8
9302-L0089-0447-0014-ED00016,43.25078659,-77.62556053,Central,MONROE,GREECE,ALPINE RD,169,9
9302-L0089-0447-0014-ED00017,43.2520973,-77.62471493,Central,MONROE,GREECE,ALPINE RD,169,A
9302-L0089-0447-0014-ED00018,43.25206263,-77.62600755,Central,MONROE,GREECE,ALPINE RD,169,A
9302-L0089-0447-0014-ED00019,43.24944412,-77.62634271,Central,MONROE,GREECE,ALPINE RD,169,A
9302-L0089-0447-0014-ED00020,43.24706711,-77.62649921,Central,MONROE,GREECE,ALPINE RD,169,A
9302-L0089-0447-0014-ED00021,43.25229154,-77.62597915,Central,MONROE,GREECE,ALPINE RD,169,A1
9302-L0089-0447-0014-ED00022,43.25181293,-77.62471801,Central,MONROE,GREECE,ALPINE RD,169,B
9302-L0089-0447-0014-ED00023,43.24665409,-77.62650203,Central,MONROE,GREECE,ALPINE RD,169,B
9302-L0089-0447-0014-ED00024,43.2520106,-77.62623312,Central,MONROE,GREECE,ALPINE RD,169,B
9302-L0089-0447-0014-ED00025,43.24904066,-77.62636388,Central,MONROE,GREECE,ALPINE RD,169,B
9302-L0089-0447-0014-ED00026,43.25154578,-77.62472368,Central,MONROE,GREECE,ALPINE RD,169,C
9302-L0089-0447-0014-ED00027,43.24623511,-77.62653731,Central,MONROE,GREECE,ALPINE RD,169,C
9302-L0089-0447-0014-ED00028,43.25166188,-77.62624883,Central,MONROE,GREECE,ALPINE RD,169,C
9302-L0089-0447-0014-ED00029,43.2486476,-77.62637868,Central,MONROE,GREECE,ALPINE RD,169,C
9302-L0089-0447-0014-ED00030,43.24821926,-77.62641697,Central,MONROE,GREECE,ALPINE RD,169,D
9302-L0089-0447-0014-ED00031,43.25133134,-77.62472961,Central,MONROE,GREECE,ALPINE RD,169,D
9302-L0089-0447-0014-ED00032,43.25124412,-77.62626159,Central,MONROE,GREECE,ALPINE RD,169,D
9302-L0089-0447-0014-ED00033,43.24782384,-77.62645803,Central,MONROE,GREECE,ALPINE RD,169,E
9302-L0089-0447-0014-ED00034,43.2508259,-77.62628717,Central,MONROE,GREECE,ALPINE RD,169,E
9302-L0089-0447-0014-ED00035,43.25113248,-77.62476387,Central,MONROE,GREECE,ALPINE RD,169,E
9302-L0089-0447-0014-ED00036,43.25098006,-77.62485538,Central,MONROE,GREECE,ALPINE RD,169,F
9302-L0089-0447-0014-ED00037,43.24760541,-77.62644683,Central,MONROE,GREECE,ALPINE RD,169,F
9302-L0089-0447-0014-ED00038,43.25042099,-77.62629502,Central,MONROE,GREECE,ALPINE RD,169,F
9302-L0089-0447-0014-ED00039,43.2500005,-77.62632513,Central,MONROE,GREECE,ALPINE RD,169,G
9302-L0089-0447-0014-ED00040,43.25066037,-77.62489455,Central,MONROE,GREECE,ALPINE RD,169,G
9302-L0089-0447-0014-ED00041,43.2503428,-77.62490795,Central,MONROE,GREECE,ALPINE RD,169,H
9302-L0089-0447-0014-ED00042,43.2500916,-77.62488696,Central,MONROE,GREECE,ALPINE RD,169,I
9302-L0089-0447-0014-ED00043,43.24992141,-77.62489883,Central,MONROE,GREECE,ALPINE RD,169,J
9302-L0089-0447-0014-ED00044,43.24956055,-77.62494489,Central,MONROE,GREECE,ALPINE RD,169,K
9302-L0089-0447-0014-ED00045,43.24927812,-77.62493764,Central,MONROE,GREECE,ALPINE RD,169,L
9302-L0089-0447-0014-ED00046,43.24897592,-77.62492055,Central,MONROE,GREECE,ALPINE RD,169,M
9302-L0089-0447-0014-ED00047,43.2486347,-77.62499396,Central,MONROE,GREECE,ALPINE RD,169,N
9302-L0089-0447-0014-ED00048,43.24822041,-77.62497302,Central,MONROE,GREECE,ALPINE RD,169,O
9302-L0089-0447-0014-ED00049,43.24789705,-77.62501799,Central,MONROE,GREECE,ALPINE RD,169,P
9302-L0089-0447-0014-ED00050,43.24755056,-77.62505289,Central,MONROE,GREECE,ALPINE RD,169,Q
9302-L0089-0447-0014-ED00051,43.24723549,-77.62501637,Central,MONROE,GREECE,ALPINE RD,169,R
9302-L0089-0447-0030-ED00022,43.25036149,-77.63214277,Central,MONROE,GREECE,ARMSTRONG RD,329,A
9302-L0089-0447-0030-ED00024,43.25036859,-77.63271995,Central,MONROE,GREECE,ARMSTRONG RD,329,B
9302-L0089-0447-0030-ED00025,43.25038195,-77.63245235,Central,MONROE,GREECE,ARMSTRONG RD,329,C
9302-L0089-0447-0030-ED00027,43.25059424,-77.63245686,Central,MONROE,GREECE,ARMSTRONG RD,329,D
9302-L0089-0447-0030-ED00030,43.25098773,-77.6324131,Central,MONROE,GREECE,ARMSTRONG RD,329,E
9302-L0089-0447-0030-ED00031,43.2514718,-77.6323894,Central,MONROE,GREECE,ARMSTRONG RD,329,F
9302-L0089-0447-0030-ED00034,43.25185455,-77.63238438,Central,MONROE,GREECE,ARMSTRONG RD,329,G
9302-L0089-0447-0030-ED00035,43.25205448,-77.63235686,Central,MONROE,GREECE,ARMSTRONG RD,329,H
9302-L0089-0447-0062-ED00024,43.25209064,-77.62772978,Central,MONROE,GREECE,BELMONT RD,780,A
9302-L0089-0447-0062-ED00025,43.24949774,-77.6278574,Central,MONROE,GREECE,BELMONT RD,780,A
9302-L0089-0447-0062-ED00026,43.24710522,-77.62797813,Central,MONROE,GREECE,BELMONT RD,780,A
9302-L0089-0447-0062-ED00027,43.24668272,-77.6280046,Central,MONROE,GREECE,BELMONT RD,780,B
9302-L0089-0447-0062-ED00028,43.24906143,-77.62786743,Central,MONROE,GREECE,BELMONT RD,780,B
9302-L0089-0447-0062-ED00029,43.25169914,-77.6277642,Central,MONROE,GREECE,BELMONT RD,780,B
9302-L0089-0447-0062-ED00030,43.25128486,-77.62776504,Central,MONROE,GREECE,BELMONT RD,780,C
9302-L0089-0447-0062-ED00031,43.24866932,-77.62790103,Central,MONROE,GREECE,BELMONT RD,780,C
9302-L0089-0447-0062-ED00032,43.24629923,-77.62802669,Central,MONROE,GREECE,BELMONT RD,780,C
9302-L0089-0447-0062-ED00033,43.24589512,-77.62804468,Central,MONROE,GREECE,BELMONT RD,780,D
9302-L0089-0447-0062-ED00034,43.24825693,-77.62791555,Central,MONROE,GREECE,BELMONT RD,780,D
9302-L0089-0447-0062-ED00035,43.25085924,-77.62776613,Central,MONROE,GREECE,BELMONT RD,780,D
9302-L0089-0447-0062-ED00037,43.25044845,-77.62778327,Central,MONROE,GREECE,BELMONT RD,780,E
9302-L0089-0447-0062-ED00038,43.24806841,-77.62794621,Central,MONROE,GREECE,BELMONT RD,780,E
9302-L0089-0447-0062-ED00039,43.25008108,-77.62784982,Central,MONROE,GREECE,BELMONT RD,780,F
9302-L0089-0447-0062-ED00040,43.24764728,-77.62793678,Central,MONROE,GREECE,BELMONT RD,780,F
9302-L0089-0447-0062-ED00041,43.25210735,-77.62797066,Central,MONROE,GREECE,BELMONT RD,780,G
9302-L0089-0447-0070-ED00004,43.25036168,-77.63177493,Central,MONROE,GREECE,BISCAYNE DR,916,12
9302-L0089-0447-0195-ED00001,43.25290813,-77.62972144,Central,MONROE,GREECE,DOHRCREST DR,60,10A
9302-L0089-0447-0195-ED00002,43.25345736,-77.62968857,Central,MONROE,GREECE,DOHRCREST DR,3060,10B
9302-L0089-0447-0195-ED00003,43.25382916,-77.62979178,Central,MONROE,GREECE,DOHRCREST DR,60,10C
9302-L0089-0447-0195-ED00004,43.2540474,-77.63072308,Central,MONROE,GREECE,DOHRCREST DR,60,11E
9302-L0089-0447-0195-ED00005,43.25438895,-77.63108338,Central,MONROE,GREECE,DOHRCREST DR,60,11F
9302-L0089-0447-0195-ED00006,43.25448565,-77.63123471,Central,MONROE,GREECE,DOHRCREST DR,60,11G
9302-L0089-0447-0195-ED00007,43.2545684,-77.63182117,Central,MONROE,GREECE,DOHRCREST DR,60,11H
9302-L0089-0447-0195-ED00008,43.25466834,-77.63241166,Central,MONROE,GREECE,DOHRCREST DR,60,11J
9302-L0089-0447-0195-ED00009,43.2547162,-77.63269785,Central,MONROE,GREECE,DOHRCREST DR,60,11K
9302-L0089-0447-0195-ED00010,43.25477193,-77.63338175,Central,MONROE,GREECE,DOHRCREST DR,60,11L
9302-L0089-0447-0195-ED00011,43.25477156,-77.63393271,Central,MONROE,GREECE,DOHRCREST DR,60,11M
9302-L0089-0447-0195-ED00012,43.25477954,-77.63423997,Central,MONROE,GREECE,DOHRCREST DR,60,11N
9302-L0089-0447-0195-ED00021,43.25376269,-77.62868372,Central,MONROE,GREECE,DOHRCREST DR,3060,8A
9302-L0089-0447-0195-ED00022,43.25401975,-77.62897097,Central,MONROE,GREECE,DOHRCREST DR,3060,8B
9302-L0089-0447-0195-ED00023,43.2542709,-77.62920579,Central,MONROE,GREECE,DOHRCREST DR,60,8C
9302-L0089-0447-0195-ED00024,43.25462273,-77.62963982,Central,MONROE,GREECE,DOHRCREST DR,60,8D
9302-L0089-0447-0195-ED00025,43.2549552,-77.62997868,Central,MONROE,GREECE,DOHRCREST DR,60,8E
9302-L0089-0447-0195-ED00026,43.25530582,-77.63034561,Central,MONROE,GREECE,DOHRCREST DR,60,8F
9302-L0089-0447-0195-ED00027,43.25537965,-77.63062092,Central,MONROE,GREECE,DOHRCREST DR,60,8G
9302-L0089-0447-0195-ED00028,43.25549133,-77.63129133,Central,MONROE,GREECE,DOHRCREST DR,60,8H
9302-L0089-0447-0195-ED00029,43.25559472,-77.63188817,Central,MONROE,GREECE,DOHRCREST DR,60,8J
9302-L0089-0447-0195-ED00030,43.25564325,-77.6321734,Central,MONROE,GREECE,DOHRCREST DR,3060,8K
9302-L0089-0447-0195-ED00031,43.25573205,-77.63270436,Central,MONROE,GREECE,DOHRCREST DR,60,8L
9302-L0089-0447-0195-ED00032,43.25583419,-77.63326048,Central,MONROE,GREECE,DOHRCREST DR,60,8M
9302-L0089-0447-0195-ED00033,43.25591288,-77.63385366,Central,MONROE,GREECE,DOHRCREST DR,60,8N
9302-L0089-0447-0195-ED00034,43.2559955,-77.63440567,Central,MONROE,GREECE,DOHRCREST DR,60,8P
9302-L0089-0447-0195-ED00035,43.25611961,-77.63508248,Central,MONROE,GREECE,DOHRCREST DR,60,8Q
9302-L0089-0447-0195-ED00036,43.25616772,-77.63558085,Central,MONROE,GREECE,DOHRCREST DR,60,8R
9302-L0089-0447-0195-ED00037,43.25377714,-77.62777926,Central,MONROE,GREECE,DOHRCREST DR,60,A
9302-L0089-0447-0195-ED00038,43.25397424,-77.62736499,Central,MONROE,GREECE,DOHRCREST DR,60,B
9302-L0089-0447-0195-ED00039,43.25424891,-77.62680928,Central,MONROE,GREECE,DOHRCREST DR,60,C
9302-L0089-0447-0195-ED00040,43.25438454,-77.62644074,Central,MONROE,GREECE,DOHRCREST DR,60,D
9302-L0089-0447-0195-ED00041,43.25422934,-77.62596745,Central,MONROE,GREECE,DOHRCREST DR,60,E
9302-L0089-0447-0195-ED00042,43.25406355,-77.62558415,Central,MONROE,GREECE,DOHRCREST DR,60,F
9302-L0089-0447-0195-ED00043,43.25400853,-77.62526158,Central,MONROE,GREECE,DOHRCREST DR,60,G
9302-L0089-0447-0195-ED00044,43.25368896,-77.62526267,Central,MONROE,GREECE,DOHRCREST DR,60,H
9302-L0089-0447-0195-ED00045,43.25341567,-77.62531529,Central,MONROE,GREECE,DOHRCREST DR,60,J
9302-L0089-0447-0195-ED00046,43.25313261,-77.62532832,Central,MONROE,GREECE,DOHRCREST DR,60,K
9302-L0089-0447-0195-ED00047,43.25312131,-77.62563778,Central,MONROE,GREECE,DOHRCREST DR,60,L
9302-L0089-0447-0195-ED00048,43.25317948,-77.62592581,Central,MONROE,GREECE,DOHRCREST DR,60,M
9302-L0089-0447-0195-ED00049,43.25320081,-77.62650107,Central,MONROE,GREECE,DOHRCREST DR,60,N
9302-L0089-0447-0195-ED00050,43.25319039,-77.62677437,Central,MONROE,GREECE,DOHRCREST DR,60,O
9302-L0089-0447-0243-HH00001,43.25207246,-77.62298169,Central,MONROE,GREECE,FAIRWAY DR,3736,2365.03
9302-L0089-0447-0276-ED00002,43.24732335,-77.6279973,Central,MONROE,GREECE,GALEN RD,4194,1
9302-L0089-0447-0276-ED00003,43.24731927,-77.62758689,Central,MONROE,GREECE,GALEN RD,4194,1A
9302-L0089-0447-0276-ED00004,43.24730448,-77.62716413,Central,MONROE,GREECE,GALEN RD,4194,2
9302-L0089-0447-0276-ED00005,43.24731618,-77.626814,Central,MONROE,GREECE,GALEN RD,4194,3
9302-L0089-0447-0276-ED00006,43.24727575,-77.62648677,Central,MONROE,GREECE,GALEN RD,4194,4
9302-L0089-0447-0276-ED00007,43.24727659,-77.62624473,Central,MONROE,GREECE,GALEN RD,4194,5
9302-L0089-0447-0276-ED00008,43.24723226,-77.62565676,Central,MONROE,GREECE,GALEN RD,4194,6
9302-L0089-0447-0298-ED00008,43.25294659,-77.62829745,Central,MONROE,GREECE,GREENLEAF RD,4608,1
9302-L0089-0447-0298-ED00031,43.25353813,-77.62826796,Central,MONROE,GREECE,GREENLEAF RD,4608,3
9302-L0089-0447-0298-ED00044,43.25328475,-77.62825755,Central,MONROE,GREECE,GREENLEAF RD,4608,2
9302-L0089-0447-0306-ED00019,43.25008699,-77.62881175,Central,MONROE,GREECE,HAMPTON BLVD,4753,20
9302-L0089-0447-0306-ED00021,43.25050165,-77.62878782,Central,MONROE,GREECE,HAMPTON BLVD,4753,21
9302-L0089-0447-0306-ED00023,43.25088609,-77.62876269,Central,MONROE,GREECE,HAMPTON BLVD,4753,22
9302-L0089-0447-0306-ED00025,43.25129488,-77.62877151,Central,MONROE,GREECE,HAMPTON BLVD,4753,23
9302-L0089-0447-0306-ED00027,43.25172553,-77.62871519,Central,MONROE,GREECE,HAMPTON BLVD,4753,24
9302-L0089-0447-0306-ED00029,43.25223127,-77.62865486,Central,MONROE,GREECE,HAMPTON BLVD,4753,25
9302-L0089-0447-0306-ED00031,43.2525358,-77.62866736,Central,MONROE,GREECE,HAMPTON BLVD,4753,26
9302-L0089-0447-0306-ED00050,43.25216048,-77.62941854,Central,MONROE,GREECE,HAMPTON BLVD,753,A
9302-L0089-0447-0306-ED00052,43.25173123,-77.62944858,Central,MONROE,GREECE,HAMPTON BLVD,753,B
9302-L0089-0447-0306-ED00055,43.25131864,-77.62946328,Central,MONROE,GREECE,HAMPTON BLVD,753,C
9302-L0089-0447-0306-ED00058,43.25084491,-77.62948128,Central,MONROE,GREECE,HAMPTON BLVD,753,D
9302-L0089-0447-0306-ED00061,43.25050243,-77.62948884,Central,MONROE,GREECE,HAMPTON BLVD,753,E
9302-L0089-0447-0306-ED00063,43.25008651,-77.62951336,Central,MONROE,GREECE,HAMPTON BLVD,753,F
9302-L0089-0447-0306-ED00067,43.25216588,-77.62964319,Central,MONROE,GREECE,HAMPTON BLVD,753,G
9302-L0089-0447-0306-ED00068,43.25213652,-77.62916674,Central,MONROE,GREECE,HAMPTON BLVD,4753,H
9302-L0089-0447-0306-ED00070,43.24734037,-77.62864856,Central,MONROE,GREECE,HAMPTON BLVD,4753,13A
9302-L0089-0447-0401-ED00047,43.25275878,-77.62652768,Central,MONROE,GREECE,LATTA RD,6154,10
9302-L0089-0447-0401-ED00066,43.25277276,-77.62711719,Central,MONROE,GREECE,LATTA RD,6154,11
9302-L0089-0447-0401-ED00084,43.25279309,-77.62767963,Central,MONROE,GREECE,LATTA RD,6154,12
9302-L0089-0447-0401-ED00102,43.25260898,-77.62746462,Central,MONROE,GREECE,LATTA RD,6154,12A
9302-L0089-0447-0401-ED00103,43.25279148,-77.628204,Central,MONROE,GREECE,LATTA RD,6154,13
9302-L0089-0447-0401-ED00124,43.25280608,-77.62869059,Central,MONROE,GREECE,LATTA RD,6154,14
9302-L0089-0447-0401-ED00143,43.25282326,-77.62905267,Central,MONROE,GREECE,LATTA RD,6154,15
9302-L0089-0447-0401-ED00164,43.25284082,-77.6294848,Central,MONROE,GREECE,LATTA RD,6154,16
9302-L0089-0447-0401-ED00186,43.25285627,-77.63005444,Central,MONROE,GREECE,LATTA RD,6154,17
9302-L0089-0447-0401-ED00206,43.25284533,-77.63055491,Central,MONROE,GREECE,LATTA RD,6154,18
9302-L0089-0447-0401-ED00232,43.25287462,-77.63105648,Central,MONROE,GREECE,LATTA RD,6154,19
9302-L0089-0447-0401-ED00262,43.25265188,-77.62220515,Central,MONROE,GREECE,LATTA RD,6154,2
9302-L0089-0447-0401-ED00263,43.2528991,-77.63165631,Central,MONROE,GREECE,LATTA RD,6154,20
9302-L0089-0447-0401-ED00287,43.25269657,-77.63161458,Central,MONROE,GREECE,LATTA RD,6154,20A
9302-L0089-0447-0401-ED00288,43.25290494,-77.63215796,Central,MONROE,GREECE,LATTA RD,6154,21
9302-L0089-0447-0401-ED00319,43.25272642,-77.63244287,Central,MONROE,GREECE,LATTA RD,6154,21A
9302-L0089-0447-0401-ED00320,43.25292578,-77.63270678,Central,MONROE,GREECE,LATTA RD,6154,22
9302-L0089-0447-0401-ED00324,43.25292955,-77.63328853,Central,MONROE,GREECE,LATTA RD,6154,23
9302-L0089-0447-0401-ED00325,43.25275786,-77.63317639,Central,MONROE,GREECE,LATTA RD,6154,23A
9302-L0089-0447-0401-ED00326,43.25294424,-77.633774,Central,MONROE,GREECE,LATTA RD,6154,24
9302-L0089-0447-0401-ED00327,43.25295914,-77.63419228,Central,MONROE,GREECE,LATTA RD,6154,25
9302-L0089-0447-0401-ED00328,43.2529655,-77.63478826,Central,MONROE,GREECE,LATTA RD,6154,26
9302-L0089-0447-0401-ED00329,43.25279727,-77.63479969,Central,MONROE,GREECE,LATTA RD,6154,26A
9302-L0089-0447-0401-ED00334,43.25207336,-77.62265581,Central,MONROE,GREECE,LATTA RD,154,2A
9302-L0089-0447-0401-ED00335,43.25206296,-77.62232494,Central,MONROE,GREECE,LATTA RD,154,2B
9302-L0089-0447-0401-ED00336,43.25167443,-77.62238443,Central,MONROE,GREECE,LATTA RD,154,2C
9302-L0089-0447-0401-ED00337,43.25132472,-77.62236555,Central,MONROE,GREECE,LATTA RD,154,2D
9302-L0089-0447-0401-ED00338,43.25267075,-77.62268137,Central,MONROE,GREECE,LATTA RD,6154,3
9302-L0089-0447-0401-ED00353,43.25210116,-77.62344643,Central,MONROE,GREECE,LATTA RD,6154,3A
9302-L0089-0447-0401-ED00355,43.25206924,-77.6237639,Central,MONROE,GREECE,LATTA RD,6154,3B
9302-L0089-0447-0401-ED00356,43.25172962,-77.62377875,Central,MONROE,GREECE,LATTA RD,6154,3C
9302-L0089-0447-0401-ED00357,43.25132578,-77.62380851,Central,MONROE,GREECE,LATTA RD,6154,3D
9302-L0089-0447-0401-ED00358,43.25268442,-77.62316123,Central,MONROE,GREECE,LATTA RD,6154,4
9302-L0089-0447-0401-ED00395,43.25269012,-77.62367257,Central,MONROE,GREECE,LATTA RD,6154,5
9302-L0089-0447-0401-ED00411,43.25249638,-77.6234504,Central,MONROE,GREECE,LATTA RD,6154,5A
9302-L0089-0447-0401-ED00412,43.25270158,-77.62426293,Central,MONROE,GREECE,LATTA RD,6154,6
9302-L0089-0447-0401-ED00430,43.25250767,-77.62405441,Central,MONROE,GREECE,LATTA RD,6154,6A
9302-L0089-0447-0401-ED00431,43.25271331,-77.62482138,Central,MONROE,GREECE,LATTA RD,6154,7
9302-L0089-0447-0401-ED00449,43.25272733,-77.62529686,Central,MONROE,GREECE,LATTA RD,6154,8
9302-L0089-0447-0401-ED00470,43.25255155,-77.62529578,Central,MONROE,GREECE,LATTA RD,6154,8A
9302-L0089-0447-0401-ED00471,43.25273899,-77.62591091,Central,MONROE,GREECE,LATTA RD,6154,9
9302-L0089-0447-0401-ED00472,43.25296753,-77.6353846,Central,MONROE,GREECE,LATTA RD,6154,27
9302-L0089-0447-0401-MH00800,43.2538934,-77.63045814,Central,MONROE,GREECE,LATTA RD,6154,1222.65 1/8
9302-L0089-0447-0401-PM00542,43.25417688,-77.63103334,Central,MONROE,GREECE,LATTA RD,6154,1222.65
9302-L0089-0447-0451-ED00040,43.25027232,-77.63493444,Central,MONROE,GREECE,MARWOOD RD,984,A
9302-L0089-0447-0451-ED00044,43.25067602,-77.63491497,Central,MONROE,GREECE,MARWOOD RD,984,B
9302-L0089-0447-0451-ED00047,43.25108352,-77.63489482,Central,MONROE,GREECE,MARWOOD RD,984,C
9302-L0089-0447-0451-ED00049,43.2514969,-77.63487094,Central,MONROE,GREECE,MARWOOD RD,984,D
9302-L0089-0447-0451-ED00052,43.25192764,-77.63486329,Central,MONROE,GREECE,MARWOOD RD,984,E
9302-L0089-0447-0451-ED00057,43.25237169,-77.63479764,Central,MONROE,GREECE,MARWOOD RD,984,F
9302-L0089-0447-0451-ED00060,43.25252905,-77.63481738,Central,MONROE,GREECE,MARWOOD RD,6984,G
9302-L0089-0447-0451-ED00070,43.25228328,-77.63371665,Central,MONROE,GREECE,MARWOOD RD,6984,A
9302-L0089-0447-0451-ED00071,43.25189497,-77.63375541,Central,MONROE,GREECE,MARWOOD RD,6984,B
9302-L0089-0447-0451-ED00072,43.25145428,-77.63376523,Central,MONROE,GREECE,MARWOOD RD,6984,C
9302-L0089-0447-0451-ED00073,43.25107543,-77.63377498,Central,MONROE,GREECE,MARWOOD RD,6984,D
9302-L0089-0447-0451-ED00074,43.25068927,-77.63372885,Central,MONROE,GREECE,MARWOOD RD,6984,E
9302-L0089-0447-0451-ED00076,43.25228297,-77.63352174,Central,MONROE,GREECE,MARWOOD RD,6984,G
9302-L0089-0447-0451-ED00077,43.25227719,-77.63324667,Central,MONROE,GREECE,MARWOOD RD,6984,H
9302-L0089-0447-0610-ED00007,43.24979742,-77.63102415,Central,MONROE,GREECE,RUMSON RD,9572,10
9302-L0089-0447-0610-ED00021,43.24967616,-77.62632449,Central,MONROE,GREECE,RUMSON RD,9572,2
9302-L0089-0447-0610-ED00030,43.2496807,-77.62670356,Central,MONROE,GREECE,RUMSON RD,9572,3
9302-L0089-0447-0610-ED00041,43.24969525,-77.62717323,Central,MONROE,GREECE,RUMSON RD,9572,4
9302-L0089-0447-0610-ED00052,43.24972257,-77.62784789,Central,MONROE,GREECE,RUMSON RD,572,5
9302-L0089-0447-0610-ED00079,43.24973946,-77.62856862,Central,MONROE,GREECE,RUMSON RD,9572,6
9302-L0089-0447-0610-ED00083,43.24973584,-77.62882463,Central,MONROE,GREECE,RUMSON RD,9572,7
9302-L0089-0447-0610-ED00084,43.24975553,-77.62953954,Central,MONROE,GREECE,RUMSON RD,9572,8
9302-L0089-0447-0610-ED00085,43.24977873,-77.6303739,Central,MONROE,GREECE,RUMSON RD,9572,9
9302-L0089-0447-0779-ED00038,43.25250505,-77.63089433,Central,MONROE,GREECE,WINDSOR RD,12609,A
9302-L0089-0447-0779-ED00039,43.25218044,-77.63090508,Central,MONROE,GREECE,WINDSOR RD,609,B
9302-L0089-0447-0779-ED00040,43.24935596,-77.63102258,Central,MONROE,GREECE,WINDSOR RD,609,B
9302-L0089-0447-0779-ED00042,43.25178088,-77.63096851,Central,MONROE,GREECE,WINDSOR RD,609,C
9302-L0089-0447-0779-ED00043,43.24896242,-77.63106987,Central,MONROE,GREECE,WINDSOR RD,609,C
9302-L0089-0447-0779-ED00045,43.25137616,-77.63097327,Central,MONROE,GREECE,WINDSOR RD,609,D
9302-L0089-0447-0779-ED00046,43.24855096,-77.63105529,Central,MONROE,GREECE,WINDSOR RD,609,D
9302-L0089-0447-0779-ED00048,43.24814418,-77.63110754,Central,MONROE,GREECE,WINDSOR RD,609,E
9302-L0089-0447-0779-ED00049,43.25094611,-77.63095262,Central,MONROE,GREECE,WINDSOR RD,609,E
9302-L0089-0447-0779-ED00050,43.25081522,-77.63095878,Central,MONROE,GREECE,WINDSOR RD,609,E1
9302-L0089-0447-0779-ED00051,43.24799231,-77.63109046,Central,MONROE,GREECE,WINDSOR RD,609,E1
9302-L0089-0447-0779-ED00052,43.2505261,-77.63098877,Central,MONROE,GREECE,WINDSOR RD,609,F
9302-L0089-0447-0779-ED00054,43.2477364,-77.63112012,Central,MONROE,GREECE,WINDSOR RD,609,F
9302-L0089-0447-0779-ED00055,43.24762866,-77.63112961,Central,MONROE,GREECE,WINDSOR RD,609,F1
9302-L0089-0447-0779-ED00057,43.24730657,-77.63113667,Central,MONROE,GREECE,WINDSOR RD,609,G
9302-L0089-0447-0779-ED00058,43.25012483,-77.63100758,Central,MONROE,GREECE,WINDSOR RD,609,G
9302-L0089-0447-0779-ED00060,43.25223006,-77.63060928,Central,MONROE,GREECE,WINDSOR RD,609,H
9302-L0089-0447-0779-ED00061,43.24700758,-77.6311512,Central,MONROE,GREECE,WINDSOR RD,12609,H
9302-L0089-0447-0779-ED00062,43.2493756,-77.63134499,Central,MONROE,GREECE,WINDSOR RD,609,J
9302-L0089-0447-0779-ED00063,43.25033684,-77.63099955,Central,MONROE,GREECE,WINDSOR RD,609,J
9302-L0089-0447-0779-ED00066,43.24674986,-77.63115372,Central,MONROE,GREECE,WINDSOR RD,609,K
9302-L0089-0447-0779-ED00067,43.2503354,-77.631294,Central,MONROE,GREECE,WINDSOR RD,609,K
9302-L0089-0447-0779-ED00069,43.24646505,-77.63117593,Central,MONROE,GREECE,WINDSOR RD,609,L
9302-L0089-0447-0779-ED00070,43.24620334,-77.6311869,Central,MONROE,GREECE,WINDSOR RD,609,M
9302-L0089-0447-0779-ED00073,43.24593026,-77.63120054,Central,MONROE,GREECE,WINDSOR RD,609,N
9302-L0089-0447-0779-ED00075,43.24565201,-77.63121157,Central,MONROE,GREECE,WINDSOR RD,609,O
9302-L0089-0447-1036-ED00040,43.25119838,-77.622204,Central,MONROE,GREECE,B & O RR,,300
9302-L0089-0447-1036-ED00041,43.25159844,-77.62217394,Central,MONROE,GREECE,B & O RR,,301
9302-L0089-0447-1036-ED00042,43.25199387,-77.62214619,Central,MONROE,GREECE,B & O RR,,302
9302-L0089-0447-1036-ED00043,43.25204165,-77.62196055,Central,MONROE,GREECE,B & O RR,,302A
9302-L0089-0447-1036-ED00045,43.25242007,-77.62216439,Central,MONROE,GREECE,B & O RR,,288 (99)
9302-L0089-0466-0972-ED00039,43.25264098,-77.62177916,Central,MONROE,ROCHESTER,LATTA RD,6155,1
9302-L0089-0466-0972-ED00040,43.25263642,-77.62160913,Central,MONROE,ROCHESTER,LATTA RD,6155,1A
9302-L0089-0466-0972-HH00002,43.25265468,-77.62151255,Central,MONROE,ROCHESTER,LATTA RD,6155,1222.32 1/2
9302-L0247-0447-0003-ED00008,43.24543846,-77.62908126,Central,MONROE,GREECE,ADELINE RD,41,1
9302-L0247-0447-0003-ED00009,43.24545955,-77.63515787,Central,MONROE,GREECE,ADELINE RD,41,10
9302-L0247-0447-0003-ED00010,43.24561736,-77.63589303,Central,MONROE,GREECE,ADELINE RD,41,10A
9302-L0247-0447-0003-ED00012,43.24559493,-77.63795636,Central,MONROE,GREECE,ADELINE RD,41,15
9302-L0247-0447-0003-ED00013,43.24560822,-77.63818708,Central,MONROE,GREECE,ADELINE RD,41,16
9302-L0247-0447-0003-ED00018,43.24551604,-77.62812699,Central,MONROE,GREECE,ADELINE RD,41,1A
9302-L0247-0447-0003-ED00019,43.24545383,-77.62940242,Central,MONROE,GREECE,ADELINE RD,41,2
9302-L0247-0447-0003-ED00020,43.24524798,-77.64088582,Central,MONROE,GREECE,ADELINE RD,41,20
9302-L0247-0447-0003-ED00029,43.24544877,-77.62974564,Central,MONROE,GREECE,ADELINE RD,41,3
9302-L0247-0447-0003-ED00030,43.24545614,-77.63013663,Central,MONROE,GREECE,ADELINE RD,41,4
9302-L0247-0447-0003-ED00036,43.24539824,-77.6326936,Central,MONROE,GREECE,ADELINE RD,41,7
9302-L0247-0447-0003-ED00037,43.24543644,-77.63329758,Central,MONROE,GREECE,ADELINE RD,41,8
9302-L0247-0447-0003-ED00038,43.24544199,-77.63402115,Central,MONROE,GREECE,ADELINE RD,41,9
9302-L0247-0447-0003-ED00048,43.24559649,-77.63651336,Central,MONROE,GREECE,ADELINE RD,41,12
9302-L0247-0447-0030-ED00001,43.24225829,-77.63361124,Central,MONROE,GREECE,ARMSTRONG RD,329,1
9302-L0247-0447-0030-ED00010,43.242712,-77.63360961,Central,MONROE,GREECE,ARMSTRONG RD,329,2
9302-L0247-0447-0030-ED00014,43.24311929,-77.63358949,Central,MONROE,GREECE,ARMSTRONG RD,329,3
9302-L0247-0447-0030-ED00015,43.2435081,-77.63356801,Central,MONROE,GREECE,ARMSTRONG RD,329,4
9302-L0247-0447-0030-ED00016,43.24376009,-77.63357139,Central,MONROE,GREECE,ARMSTRONG RD,329,5
9302-L0247-0447-0030-ED00017,43.24419473,-77.63355129,Central,MONROE,GREECE,ARMSTRONG RD,329,6
9302-L0247-0447-0030-ED00018,43.24445987,-77.63355085,Central,MONROE,GREECE,ARMSTRONG RD,329,7
9302-L0247-0447-0030-ED00019,43.24474025,-77.63354713,Central,MONROE,GREECE,ARMSTRONG RD,329,8
9302-L0247-0447-0030-ED00020,43.24501423,-77.63353502,Central,MONROE,GREECE,ARMSTRONG RD,329,9
9302-L0247-0447-0030-ED00021,43.24576308,-77.63399098,Central,MONROE,GREECE,ARMSTRONG RD,329,A
9302-L0247-0447-0030-ED00023,43.24616478,-77.63398527,Central,MONROE,GREECE,ARMSTRONG RD,329,B
9302-L0247-0447-0030-ED00026,43.24656234,-77.6339654,Central,MONROE,GREECE,ARMSTRONG RD,329,C
9302-L0247-0447-0030-ED00028,43.24698104,-77.63394331,Central,MONROE,GREECE,ARMSTRONG RD,329,D
9302-L0247-0447-0030-ED00029,43.247405,-77.63391674,Central,MONROE,GREECE,ARMSTRONG RD,329,E
9302-L0247-0447-0030-ED00032,43.24780536,-77.63390762,Central,MONROE,GREECE,ARMSTRONG RD,329,F
9302-L0247-0447-0030-ED00033,43.24820871,-77.63389496,Central,MONROE,GREECE,ARMSTRONG RD,329,G
9302-L0247-0447-0030-ED00036,43.24863384,-77.63386774,Central,MONROE,GREECE,ARMSTRONG RD,329,H
9302-L0247-0447-0030-ED00037,43.24904194,-77.63385955,Central,MONROE,GREECE,ARMSTRONG RD,329,J
9302-L0247-0447-0030-ED00038,43.2494473,-77.63383783,Central,MONROE,GREECE,ARMSTRONG RD,329,K
9302-L0247-0447-0030-ED00039,43.24966126,-77.63380048,Central,MONROE,GREECE,ARMSTRONG RD,329,L
9302-L0247-0447-0062-ED00001,43.24501282,-77.62743364,Central,MONROE,GREECE,BELMONT RD,780,1
9302-L0247-0447-0062-ED00012,43.24481724,-77.62753268,Central,MONROE,GREECE,BELMONT RD,780,1A
9302-L0247-0447-0062-ED00013,43.24499203,-77.62728146,Central,MONROE,GREECE,BELMONT RD,780,1B
9302-L0247-0447-0062-ED00014,43.24460729,-77.6276289,Central,MONROE,GREECE,BELMONT RD,780,1C
9302-L0247-0447-0062-ED00015,43.24540688,-77.62739185,Central,MONROE,GREECE,BELMONT RD,780,2
9302-L0247-0447-0062-ED00017,43.24584077,-77.62737412,Central,MONROE,GREECE,BELMONT RD,780,3
9302-L0247-0447-0062-ED00018,43.24584747,-77.62721669,Central,MONROE,GREECE,BELMONT RD,780,4
9302-L0247-0447-0070-ED00003,43.24940519,-77.63182659,Central,MONROE,GREECE,BISCAYNE DR,916,11
9302-L0247-0447-0070-ED00017,43.24572959,-77.63268165,Central,MONROE,GREECE,BISCAYNE DR,916,A
9302-L0247-0447-0070-ED00018,43.24591841,-77.63266817,Central,MONROE,GREECE,BISCAYNE DR,916,B
9302-L0247-0447-0070-ED00019,43.24633213,-77.63263308,Central,MONROE,GREECE,BISCAYNE DR,916,C
9302-L0247-0447-0070-ED00020,43.24672723,-77.63262647,Central,MONROE,GREECE,BISCAYNE DR,916,D
9302-L0247-0447-0070-ED00021,43.24716135,-77.63262878,Central,MONROE,GREECE,BISCAYNE DR,916,E
9302-L0247-0447-0070-ED00022,43.24755135,-77.6325858,Central,MONROE,GREECE,BISCAYNE DR,916,F
9302-L0247-0447-0070-ED00023,43.24796897,-77.6325781,Central,MONROE,GREECE,BISCAYNE DR,916,G
9302-L0247-0447-0070-ED00024,43.24785988,-77.63257241,Central,MONROE,GREECE,BISCAYNE DR,916,G1
9302-L0247-0447-0070-ED00025,43.24837505,-77.63255257,Central,MONROE,GREECE,BISCAYNE DR,916,H
9302-L0247-0447-0070-ED00026,43.24878905,-77.63260099,Central,MONROE,GREECE,BISCAYNE DR,916,J
9302-L0247-0447-0070-ED00027,43.24942248,-77.63276404,Central,MONROE,GREECE,BISCAYNE DR,916,K
9302-L0247-0447-0070-ED00028,43.24941445,-77.63217786,Central,MONROE,GREECE,BISCAYNE DR,916,L
9302-L0247-0447-0070-ED00029,43.24919993,-77.63251813,Central,MONROE,GREECE,BISCAYNE DR,916,M
9302-L0247-0447-0070-ED00030,43.24940865,-77.63251207,Central,MONROE,GREECE,BISCAYNE DR,916,N
9302-L0247-0447-0118-ED00002,43.24169756,-77.63239975,Central,MONROE,GREECE,CHALFORD RD,1833,10
9302-L0247-0447-0136-ED00011,43.24163412,-77.62954065,Central,MONROE,GREECE,CLEARVIEW RD,2144,8
9302-L0247-0447-0186-ED00011,43.24193098,-77.63332156,Central,MONROE,GREECE,DENISE RD,2955,11
9302-L0247-0447-0186-ED00012,43.24193902,-77.63379657,Central,MONROE,GREECE,DENISE RD,2955,12
9302-L0247-0447-0186-ED00013,43.24195924,-77.63409072,Central,MONROE,GREECE,DENISE RD,2955,13
9302-L0247-0447-0186-ED00014,43.24185298,-77.63410644,Central,MONROE,GREECE,DENISE RD,2955,13A
9302-L0247-0447-0186-ED00016,43.24195133,-77.63484035,Central,MONROE,GREECE,DENISE RD,2955,15
9302-L0247-0447-0186-ED00017,43.24199123,-77.63523716,Central,MONROE,GREECE,DENISE RD,2955,16
9302-L0247-0447-0186-ED00019,43.24197624,-77.63576862,Central,MONROE,GREECE,DENISE RD,2955,17
9302-L0247-0447-0186-ED00020,43.24198564,-77.63624475,Central,MONROE,GREECE,DENISE RD,2955,18
9302-L0247-0447-0186-ED00021,43.24200203,-77.63668946,Central,MONROE,GREECE,DENISE RD,2955,19
9302-L0247-0447-0186-ED00022,43.24192149,-77.63654509,Central,MONROE,GREECE,DENISE RD,2955,19A
9302-L0247-0447-0186-ED00025,43.24193532,-77.63744905,Central,MONROE,GREECE,DENISE RD,2955,20A
9302-L0247-0447-0186-ED00026,43.24202381,-77.63752454,Central,MONROE,GREECE,DENISE RD,2955,20B
9302-L0247-0447-0186-ED00028,43.24193752,-77.63783133,Central,MONROE,GREECE,DENISE RD,2955,21A
9302-L0247-0447-0186-ED00029,43.2420171,-77.6381301,Central,MONROE,GREECE,DENISE RD,2955,22
9302-L0247-0447-0186-ED00030,43.24192684,-77.63819055,Central,MONROE,GREECE,DENISE RD,2955,22A
9302-L0247-0447-0186-ED00031,43.24203588,-77.63861069,Central,MONROE,GREECE,DENISE RD,2955,23
9302-L0247-0447-0186-ED00032,43.24192347,-77.63866694,Central,MONROE,GREECE,DENISE RD,2955,23A
9302-L0247-0447-0186-ED00033,43.2420283,-77.63885854,Central,MONROE,GREECE,DENISE RD,2955,24
9302-L0247-0447-0186-ED00034,43.24201736,-77.63938784,Central,MONROE,GREECE,DENISE RD,2955,25
9302-L0247-0447-0186-ED00035,43.24196149,-77.63935021,Central,MONROE,GREECE,DENISE RD,2955,25A
9302-L0247-0447-0186-ED00037,43.24202414,-77.63995273,Central,MONROE,GREECE,DENISE RD,2955,26A
9302-L0247-0447-0186-ED00038,43.24202843,-77.64050186,Central,MONROE,GREECE,DENISE RD,2955,27
9302-L0247-0447-0186-ED00042,43.24203877,-77.64158512,Central,MONROE,GREECE,DENISE RD,2955,29
9302-L0247-0447-0186-ED00043,43.2416822,-77.62893165,Central,MONROE,GREECE,DENISE RD,2955,2A
9302-L0247-0447-0186-ED00044,43.24179524,-77.62932142,Central,MONROE,GREECE,DENISE RD,2955,3
9302-L0247-0447-0186-ED00046,43.24195183,-77.64215143,Central,MONROE,GREECE,DENISE RD,2955,30A
9302-L0247-0447-0186-ED00048,43.24195352,-77.64297625,Central,MONROE,GREECE,DENISE RD,2955,31A
9302-L0247-0447-0186-ED00052,43.24198553,-77.64381932,Central,MONROE,GREECE,DENISE RD,2955,33A
9302-L0247-0447-0186-ED00054,43.24196224,-77.64411368,Central,MONROE,GREECE,DENISE RD,2955,33C
9302-L0247-0447-0186-ED00056,43.24196602,-77.64458401,Central,MONROE,GREECE,DENISE RD,2955,34A
9302-L0247-0447-0186-ED00058,43.24196371,-77.6450027,Central,MONROE,GREECE,DENISE RD,2955,35A
9302-L0247-0447-0186-ED00060,43.24197462,-77.64580048,Central,MONROE,GREECE,DENISE RD,2955,36A
9302-L0247-0447-0186-ED00064,43.24178281,-77.62986167,Central,MONROE,GREECE,DENISE RD,2955,4
9302-L0247-0447-0186-ED00067,43.24173522,-77.629765,Central,MONROE,GREECE,DENISE RD,2955,4A
9302-L0247-0447-0186-ED00069,43.24179881,-77.63040836,Central,MONROE,GREECE,DENISE RD,2955,5
9302-L0247-0447-0186-ED00070,43.24174946,-77.630262,Central,MONROE,GREECE,DENISE RD,2955,5A
9302-L0247-0447-0186-ED00071,43.24185032,-77.63086388,Central,MONROE,GREECE,DENISE RD,2955,6
9302-L0247-0447-0186-ED00072,43.24175936,-77.63064815,Central,MONROE,GREECE,DENISE RD,2955,6A
9302-L0247-0447-0186-ED00073,43.24186922,-77.63127862,Central,MONROE,GREECE,DENISE RD,2955,7
9302-L0247-0447-0186-ED00074,43.24188342,-77.63178548,Central,MONROE,GREECE,DENISE RD,2955,8
9302-L0247-0447-0186-ED00083,43.24190652,-77.63259659,Central,MONROE,GREECE,DENISE RD,2955,9A
9302-L0247-0447-0186-ED00085,43.24209035,-77.63131222,Central,MONROE,GREECE,DENISE RD,2955,B
9302-L0247-0447-0186-ED00100,43.24196873,-77.64540367,Central,MONROE,GREECE,DENISE RD,2955,35B
9302-L0247-0447-0186-ED00101,43.24195421,-77.64334513,Central,MONROE,GREECE,DENISE RD,2955,32A
9302-L0247-0447-0186-ED00102,43.24194954,-77.6425539,Central,MONROE,GREECE,DENISE RD,2955,31B
9302-L0247-0447-0186-ED00103,43.24194535,-77.64189338,Central,MONROE,GREECE,DENISE RD,2955,30B
9302-L0247-0447-0186-ED00104,43.24194648,-77.64137773,Central,MONROE,GREECE,DENISE RD,2955,29A
9302-L0247-0447-0186-ED00105,43.24193461,-77.64099603,Central,MONROE,GREECE,DENISE RD,2955,28B
9302-L0247-0447-0186-ED00106,43.24193651,-77.64052809,Central,MONROE,GREECE,DENISE RD,2955,27B
9302-L0247-0447-0186-ED00107,43.24193754,-77.64018755,Central,MONROE,GREECE,DENISE RD,2955,27C
9302-L0247-0447-0186-ED00108,43.24193926,-77.63973148,Central,MONROE,GREECE,DENISE RD,955,26B
9302-L0247-0447-0186-ED00109,43.24194682,-77.63899288,Central,MONROE,GREECE,DENISE RD,2955,24A
9302-L0247-0447-0186-ED00110,43.24193074,-77.63697499,Central,MONROE,GREECE,DENISE RD,2955,20C
9302-L0247-0447-0186-ED00111,43.24189971,-77.63622827,Central,MONROE,GREECE,DENISE RD,2955,18A
9302-L0247-0447-0186-ED00112,43.24189098,-77.63559978,Central,MONROE,GREECE,DENISE RD,2955,17A
9302-L0247-0447-0186-ED00113,43.24185686,-77.63495163,Central,MONROE,GREECE,DENISE RD,2955,15A
9302-L0247-0447-0186-ED00114,43.24186355,-77.63454172,Central,MONROE,GREECE,DENISE RD,2955,14A
9302-L0247-0447-0186-ED00115,43.24182362,-77.63360873,Central,MONROE,GREECE,DENISE RD,2955,12A
9302-L0247-0447-0186-ED00116,43.24182207,-77.63312008,Central,MONROE,GREECE,DENISE RD,2955,11A
9302-L0247-0447-0186-ED00117,43.24178281,-77.63273916,Central,MONROE,GREECE,DENISE RD,2955,10A
9302-L0247-0447-0186-ED00118,43.24179688,-77.63226394,Central,MONROE,GREECE,DENISE RD,2955,9B
9302-L0247-0447-0186-ED00119,43.24177557,-77.63164903,Central,MONROE,GREECE,DENISE RD,2955,8A
9302-L0247-0447-0186-ED00120,43.24174072,-77.63131009,Central,MONROE,GREECE,DENISE RD,2955,7A
9302-L0247-0447-0186-ED00121,43.24176462,-77.63090695,Central,MONROE,GREECE,DENISE RD,2955,6B
9302-L0247-0447-0186-ED00122,43.24174399,-77.63000581,Central,MONROE,GREECE,DENISE RD,2955,5B
9302-L0247-0447-0186-ED00162,43.24180045,-77.6289087,Central,MONROE,GREECE,DENISE RD,2955,2
9302-L0247-0447-0186-MH00100,43.24196415,-77.64595448,Central,MONROE,GREECE,DENISE RD,2955,1375.48 7/16
9302-L0247-0447-0186-MH00163,43.24175082,-77.63072018,Central,MONROE,GREECE,DENISE RD,2955,1375.20
9302-L0247-0447-0186-PM00001,43.24205757,-77.63257092,Central,MONROE,GREECE,DENISE RD,2955,1375.26
9302-L0247-0447-0306-ED00001,43.24221671,-77.62892709,Central,MONROE,GREECE,HAMPTON BLVD,4753,1
9302-L0247-0447-0306-ED00002,43.24588095,-77.62874318,Central,MONROE,GREECE,HAMPTON BLVD,4753,10
9302-L0247-0447-0306-ED00004,43.24607975,-77.62871936,Central,MONROE,GREECE,HAMPTON BLVD,4753,11
9302-L0247-0447-0306-ED00006,43.24650644,-77.62869518,Central,MONROE,GREECE,HAMPTON BLVD,4753,12
9302-L0247-0447-0306-ED00016,43.24200243,-77.62919369,Central,MONROE,GREECE,HAMPTON BLVD,4753,1A
9302-L0247-0447-0306-ED00017,43.24187378,-77.628968,Central,MONROE,GREECE,HAMPTON BLVD,4753,1B
9302-L0247-0447-0306-ED00018,43.2425656,-77.62893802,Central,MONROE,GREECE,HAMPTON BLVD,4753,2
9302-L0247-0447-0306-ED00033,43.24241121,-77.62913751,Central,MONROE,GREECE,HAMPTON BLVD,4753,2A
9302-L0247-0447-0306-ED00034,43.24301503,-77.62889761,Central,MONROE,GREECE,HAMPTON BLVD,4753,3
9302-L0247-0447-0306-ED00035,43.24281327,-77.62911813,Central,MONROE,GREECE,HAMPTON BLVD,4753,3A
9302-L0247-0447-0306-ED00036,43.24344473,-77.62885913,Central,MONROE,GREECE,HAMPTON BLVD,4753,4
9302-L0247-0447-0306-ED00037,43.24324691,-77.62908965,Central,MONROE,GREECE,HAMPTON BLVD,4753,4A
9302-L0247-0447-0306-ED00038,43.24367099,-77.62907386,Central,MONROE,GREECE,HAMPTON BLVD,4753,4B
9302-L0247-0447-0306-ED00039,43.24379473,-77.62884306,Central,MONROE,GREECE,HAMPTON BLVD,4753,5
9302-L0247-0447-0306-ED00040,43.24407437,-77.62904675,Central,MONROE,GREECE,HAMPTON BLVD,4753,5A
9302-L0247-0447-0306-ED00041,43.24423032,-77.6288215,Central,MONROE,GREECE,HAMPTON BLVD,4753,6
9302-L0247-0447-0306-ED00042,43.24447824,-77.62902317,Central,MONROE,GREECE,HAMPTON BLVD,4753,6A
9302-L0247-0447-0306-ED00043,43.2446282,-77.62879168,Central,MONROE,GREECE,HAMPTON BLVD,4753,7
9302-L0247-0447-0306-ED00045,43.24506667,-77.62876825,Central,MONROE,GREECE,HAMPTON BLVD,4753,8
9302-L0247-0447-0306-ED00047,43.24543876,-77.62876659,Central,MONROE,GREECE,HAMPTON BLVD,4753,9
9302-L0247-0447-0306-ED00049,43.24568012,-77.62974641,Central,MONROE,GREECE,HAMPTON BLVD,753,A
9302-L0247-0447-0306-ED00053,43.24600628,-77.6297945,Central,MONROE,GREECE,HAMPTON BLVD,753,B
9302-L0247-0447-0306-ED00054,43.246294,-77.62970871,Central,MONROE,GREECE,HAMPTON BLVD,753,C
9302-L0247-0447-0306-ED00056,43.24662739,-77.62969103,Central,MONROE,GREECE,HAMPTON BLVD,753,D
9302-L0247-0447-0306-ED00057,43.24379254,-77.62849191,Central,MONROE,GREECE,HAMPTON BLVD,753,D
9302-L0247-0447-0306-ED00059,43.24669782,-77.62969552,Central,MONROE,GREECE,HAMPTON BLVD,753,D1
9302-L0247-0447-0306-ED00060,43.24695862,-77.62968589,Central,MONROE,GREECE,HAMPTON BLVD,753,E
9302-L0247-0447-0306-ED00062,43.2471378,-77.62966194,Central,MONROE,GREECE,HAMPTON BLVD,753,E1
9302-L0247-0447-0306-ED00064,43.24724816,-77.62966219,Central,MONROE,GREECE,HAMPTON BLVD,753,F
9302-L0247-0447-0306-ED00065,43.24747733,-77.62964943,Central,MONROE,GREECE,HAMPTON BLVD,753,F1
9302-L0247-0447-0306-ED00066,43.24767801,-77.62965314,Central,MONROE,GREECE,HAMPTON BLVD,753,G
9302-L0247-0447-0306-ED00069,43.24808867,-77.62962113,Central,MONROE,GREECE,HAMPTON BLVD,753,H
9302-L0247-0447-0306-ED00070,43.24848884,-77.62960261,Central,MONROE,GREECE,HAMPTON BLVD,753,I
9302-L0247-0447-0306-ED00071,43.24889857,-77.62957826,Central,MONROE,GREECE,HAMPTON BLVD,753,J
9302-L0247-0447-0306-ED00072,43.24932048,-77.62958281,Central,MONROE,GREECE,HAMPTON BLVD,753,K
9302-L0247-0447-0306-ED00073,43.2495548,-77.62954412,Central,MONROE,GREECE,HAMPTON BLVD,753,L
9302-L0247-0447-0306-ED00101,43.24690319,-77.62867442,Central,MONROE,GREECE,HAMPTON BLVD,4753,13
9302-L0247-0447-0306-MH00100,43.24998822,-77.62859811,Central,MONROE,GREECE,HAMPTON BLVD,4753,1847.16
9302-L0247-0447-0339-ED00013,43.24401727,-77.64090279,Central,MONROE,GREECE,HOWEDALE DR,5347,14F
9302-L0247-0447-0339-ED00016,43.24249163,-77.64130256,Central,MONROE,GREECE,HOWEDALE DR,5347,14A
9302-L0247-0447-0339-ED00017,43.24248687,-77.641018,Central,MONROE,GREECE,HOWEDALE DR,5347,14B
9302-L0247-0447-0339-ED00018,43.24284858,-77.64099676,Central,MONROE,GREECE,HOWEDALE DR,5347,14C
9302-L0247-0447-0339-ED00019,43.24325884,-77.64096227,Central,MONROE,GREECE,HOWEDALE DR,5347,14D
9302-L0247-0447-0339-ED00020,43.24363085,-77.64093227,Central,MONROE,GREECE,HOWEDALE DR,5347,14E
9302-L0247-0447-0339-ED00021,43.24438222,-77.64092013,Central,MONROE,GREECE,HOWEDALE DR,5347,14G
9302-L0247-0447-0339-ED00022,43.24475403,-77.64090127,Central,MONROE,GREECE,HOWEDALE DR,5347,14H
9302-L0247-0447-0339-ED00023,43.24477035,-77.64061469,Central,MONROE,GREECE,HOWEDALE DR,5347,14J
9302-L0247-0447-0339-ED00024,43.24488644,-77.64090051,Central,MONROE,GREECE,HOWEDALE DR,5347,14K
9302-L0247-0447-0389-ED00012,43.24168929,-77.63098883,Central,MONROE,GREECE,LAKE BREEZE RD,5990,9
9302-L0247-0447-0406-ED00005,43.24250539,-77.64494276,Central,MONROE,GREECE,LAWSON RD,192,11C
9302-L0247-0447-0406-ED00006,43.24247634,-77.64450783,Central,MONROE,GREECE,LAWSON RD,192,11D
9302-L0247-0447-0406-ED00007,43.24250994,-77.64417309,Central,MONROE,GREECE,LAWSON RD,192,11E
9302-L0247-0447-0419-ED00003,43.24706482,-77.63879624,Central,MONROE,GREECE,LITTLE CREEK CIR,6414,2
9302-L0247-0447-0420-ED00013,43.24558549,-77.64086803,Central,MONROE,GREECE,LITTLE CREEK DR,415,M
9302-L0247-0447-0420-ED00014,43.24562142,-77.64050593,Central,MONROE,GREECE,LITTLE CREEK DR,415,N
9302-L0247-0447-0420-ED00015,43.24565721,-77.64010663,Central,MONROE,GREECE,LITTLE CREEK DR,415,O
9302-L0247-0447-0420-ED00016,43.24564881,-77.63953704,Central,MONROE,GREECE,LITTLE CREEK DR,415,P
9302-L0247-0447-0420-ED00017,43.24563959,-77.63897774,Central,MONROE,GREECE,LITTLE CREEK DR,415,Q
9302-L0247-0447-0420-ED00018,43.24564058,-77.64122283,Central,MONROE,GREECE,LITTLE CREEK DR,415,R
9302-L0247-0447-0420-ED00019,43.24596927,-77.64048688,Central,MONROE,GREECE,LITTLE CREEK DR,6415,S
9302-L0247-0447-0420-ED00020,43.24624648,-77.64006167,Central,MONROE,GREECE,LITTLE CREEK DR,415,T
9302-L0247-0447-0420-ED00021,43.24656989,-77.63974533,Central,MONROE,GREECE,LITTLE CREEK DR,6415,U
9302-L0247-0447-0420-ED00022,43.24682049,-77.63950976,Central,MONROE,GREECE,LITTLE CREEK DR,415,V
9302-L0247-0447-0420-ED00023,43.24708483,-77.63930557,Central,MONROE,GREECE,LITTLE CREEK DR,415,W
9302-L0247-0447-0420-ED00024,43.24576588,-77.64109259,Central,MONROE,GREECE,LITTLE CREEK DR,415,Y
9302-L0247-0447-0451-ED00002,43.24202615,-77.63470942,Central,MONROE,GREECE,MARWOOD RD,6984,1
9302-L0247-0447-0451-ED00003,43.24519388,-77.63464591,Central,MONROE,GREECE,MARWOOD RD,6984,10
9302-L0247-0447-0451-ED00004,43.24544787,-77.63467591,Central,MONROE,GREECE,MARWOOD RD,6984,11
9302-L0247-0447-0451-ED00013,43.24244369,-77.63475082,Central,MONROE,GREECE,MARWOOD RD,6984,2
9302-L0247-0447-0451-ED00024,43.24256291,-77.63463394,Central,MONROE,GREECE,MARWOOD RD,6984,2A
9302-L0247-0447-0451-ED00025,43.24274247,-77.63474269,Central,MONROE,GREECE,MARWOOD RD,6984,3
9302-L0247-0447-0451-ED00027,43.24301058,-77.63472087,Central,MONROE,GREECE,MARWOOD RD,6984,4
9302-L0247-0447-0451-ED00028,43.24326511,-77.63472221,Central,MONROE,GREECE,MARWOOD RD,6984,5
9302-L0247-0447-0451-ED00029,43.2433979,-77.63461489,Central,MONROE,GREECE,MARWOOD RD,6984,5A
9302-L0247-0447-0451-ED00030,43.24352405,-77.63469928,Central,MONROE,GREECE,MARWOOD RD,6984,6
9302-L0247-0447-0451-ED00031,43.24380685,-77.63470574,Central,MONROE,GREECE,MARWOOD RD,6984,6A
9302-L0247-0447-0451-ED00032,43.24408803,-77.6346869,Central,MONROE,GREECE,MARWOOD RD,6984,7
9302-L0247-0447-0451-ED00034,43.24433648,-77.63471062,Central,MONROE,GREECE,MARWOOD RD,6984,7A1
9302-L0247-0447-0451-ED00035,43.24462389,-77.63469905,Central,MONROE,GREECE,MARWOOD RD,6984,8
9302-L0247-0447-0451-ED00036,43.24446366,-77.63457756,Central,MONROE,GREECE,MARWOOD RD,6984,8A
9302-L0247-0447-0451-ED00037,43.24491165,-77.63467095,Central,MONROE,GREECE,MARWOOD RD,6984,9
9302-L0247-0447-0451-ED00039,43.24325737,-77.63432933,Central,MONROE,GREECE,MARWOOD RD,6984,A
9302-L0247-0447-0451-ED00041,43.24580796,-77.63513137,Central,MONROE,GREECE,MARWOOD RD,984,A
9302-L0247-0447-0451-ED00042,43.24256017,-77.63527831,Central,MONROE,GREECE,MARWOOD RD,984,A
9302-L0247-0447-0451-ED00043,43.24296357,-77.63521319,Central,MONROE,GREECE,MARWOOD RD,984,B
9302-L0247-0447-0451-ED00045,43.24618516,-77.63510529,Central,MONROE,GREECE,MARWOOD RD,984,B
9302-L0247-0447-0451-ED00046,43.24656826,-77.63509446,Central,MONROE,GREECE,MARWOOD RD,984,C
9302-L0247-0447-0451-ED00048,43.24329514,-77.63520648,Central,MONROE,GREECE,MARWOOD RD,984,C
9302-L0247-0447-0451-ED00050,43.24695276,-77.63506487,Central,MONROE,GREECE,MARWOOD RD,984,D
9302-L0247-0447-0451-ED00051,43.24369599,-77.63522237,Central,MONROE,GREECE,MARWOOD RD,984,D
9302-L0247-0447-0451-ED00053,43.24733955,-77.63506147,Central,MONROE,GREECE,MARWOOD RD,984,E
9302-L0247-0447-0451-ED00054,43.24407499,-77.63525008,Central,MONROE,GREECE,MARWOOD RD,984,E
9302-L0247-0447-0451-ED00055,43.24744841,-77.63505878,Central,MONROE,GREECE,MARWOOD RD,6984,E1
9302-L0247-0447-0451-ED00056,43.24442625,-77.6352191,Central,MONROE,GREECE,MARWOOD RD,984,F
9302-L0247-0447-0451-ED00058,43.24771554,-77.63504007,Central,MONROE,GREECE,MARWOOD RD,984,F
9302-L0247-0447-0451-ED00059,43.24789717,-77.63506432,Central,MONROE,GREECE,MARWOOD RD,984,F1
9302-L0247-0447-0451-ED00061,43.24811056,-77.63500919,Central,MONROE,GREECE,MARWOOD RD,984,G
9302-L0247-0447-0451-ED00062,43.2448554,-77.63519006,Central,MONROE,GREECE,MARWOOD RD,984,G
9302-L0247-0447-0451-ED00063,43.24524825,-77.63521433,Central,MONROE,GREECE,MARWOOD RD,984,H
9302-L0247-0447-0451-ED00064,43.24847053,-77.63502665,Central,MONROE,GREECE,MARWOOD RD,984,H
9302-L0247-0447-0451-ED00065,43.24887496,-77.63497104,Central,MONROE,GREECE,MARWOOD RD,984,J
9302-L0247-0447-0451-ED00066,43.24931567,-77.63497935,Central,MONROE,GREECE,MARWOOD RD,6984,K
9302-L0247-0447-0451-ED00067,43.24956752,-77.63498204,Central,MONROE,GREECE,MARWOOD RD,984,L
9302-L0247-0447-0451-ED00068,43.2478697,-77.63548435,Central,MONROE,GREECE,MARWOOD RD,984,M
9302-L0247-0447-0451-ED00075,43.25025611,-77.63379486,Central,MONROE,GREECE,MARWOOD RD,6984,F
9302-L0247-0447-0486-ED00001,43.24243494,-77.63592396,Central,MONROE,GREECE,MORROW DR,7445,1
9302-L0247-0447-0486-ED00002,43.2458239,-77.63579026,Central,MONROE,GREECE,MORROW DR,7445,10
9302-L0247-0447-0486-ED00003,43.24618343,-77.63578453,Central,MONROE,GREECE,MORROW DR,7445,11
9302-L0247-0447-0486-ED00004,43.24656065,-77.63577946,Central,MONROE,GREECE,MORROW DR,7445,12
9302-L0247-0447-0486-ED00005,43.24696173,-77.63578897,Central,MONROE,GREECE,MORROW DR,7445,13
9302-L0247-0447-0486-ED00006,43.2473541,-77.6358182,Central,MONROE,GREECE,MORROW DR,7445,14
9302-L0247-0447-0486-ED00009,43.24294112,-77.63595685,Central,MONROE,GREECE,MORROW DR,445,2
9302-L0247-0447-0486-ED00010,43.24329629,-77.63592801,Central,MONROE,GREECE,MORROW DR,7445,3
9302-L0247-0447-0486-ED00011,43.24368313,-77.63594254,Central,MONROE,GREECE,MORROW DR,7445,4
9302-L0247-0447-0486-ED00012,43.24407111,-77.63593814,Central,MONROE,GREECE,MORROW DR,7445,5
9302-L0247-0447-0486-ED00013,43.24446141,-77.63592234,Central,MONROE,GREECE,MORROW DR,7445,6
9302-L0247-0447-0486-ED00014,43.24484979,-77.63591457,Central,MONROE,GREECE,MORROW DR,7445,7
9302-L0247-0447-0486-ED00015,43.2452683,-77.63592877,Central,MONROE,GREECE,MORROW DR,7445,8
9302-L0247-0447-0486-ED00016,43.24581942,-77.63647995,Central,MONROE,GREECE,MORROW DR,445,A
9302-L0247-0447-0486-ED00017,43.24259681,-77.63653133,Central,MONROE,GREECE,MORROW DR,445,A
9302-L0247-0447-0486-ED00019,43.24293261,-77.63648662,Central,MONROE,GREECE,MORROW DR,445,B
9302-L0247-0447-0486-ED00020,43.24619993,-77.63649266,Central,MONROE,GREECE,MORROW DR,445,B
9302-L0247-0447-0486-ED00021,43.24658644,-77.63652933,Central,MONROE,GREECE,MORROW DR,445,C
9302-L0247-0447-0486-ED00022,43.24330945,-77.63649519,Central,MONROE,GREECE,MORROW DR,445,C
9302-L0247-0447-0486-ED00023,43.24369909,-77.6365097,Central,MONROE,GREECE,MORROW DR,445,D
9302-L0247-0447-0486-ED00024,43.24695473,-77.63659514,Central,MONROE,GREECE,MORROW DR,445,D
9302-L0247-0447-0486-ED00025,43.24737175,-77.63636035,Central,MONROE,GREECE,MORROW DR,445,E
9302-L0247-0447-0486-ED00026,43.24412096,-77.63650601,Central,MONROE,GREECE,MORROW DR,445,E
9302-L0247-0447-0486-ED00027,43.24446869,-77.63650779,Central,MONROE,GREECE,MORROW DR,445,F
9302-L0247-0447-0486-ED00028,43.24487621,-77.63649498,Central,MONROE,GREECE,MORROW DR,445,G
9302-L0247-0447-0486-ED00029,43.24523147,-77.63645057,Central,MONROE,GREECE,MORROW DR,445,H
9302-L0247-0447-0486-HH00001,43.24197866,-77.6357927,Central,MONROE,GREECE,MORROW DR,7445,2098.01
9302-L0247-0447-0486-HH00002,43.2425355,-77.63580591,Central,MONROE,GREECE,MORROW DR,7445,2098.03
9302-L0247-0447-0515-ED00003,43.24186378,-77.64164358,Central,MONROE,GREECE,NORTHGATE RD,7786,11
9302-L0247-0447-0595-ED00029,43.24586765,-77.63796086,Central,MONROE,GREECE,RIPPLEWOOD DR,188,A
9302-L0247-0447-0595-ED00030,43.2424819,-77.63835557,Central,MONROE,GREECE,RIPPLEWOOD DR,188,A
9302-L0247-0447-0595-ED00031,43.24617218,-77.63793461,Central,MONROE,GREECE,RIPPLEWOOD DR,188,B
9302-L0247-0447-0595-ED00032,43.24244772,-77.63808276,Central,MONROE,GREECE,RIPPLEWOOD DR,188,B
9302-L0247-0447-0595-ED00033,43.24652409,-77.63794158,Central,MONROE,GREECE,RIPPLEWOOD DR,188,C
9302-L0247-0447-0595-ED00034,43.24284239,-77.63810206,Central,MONROE,GREECE,RIPPLEWOOD DR,188,C
9302-L0247-0447-0595-ED00035,43.24677347,-77.63796656,Central,MONROE,GREECE,RIPPLEWOOD DR,188,D
9302-L0247-0447-0595-ED00036,43.24320667,-77.63809883,Central,MONROE,GREECE,RIPPLEWOOD DR,188,D
9302-L0247-0447-0595-ED00037,43.24708173,-77.63800822,Central,MONROE,GREECE,RIPPLEWOOD DR,188,E
9302-L0247-0447-0595-ED00038,43.24362483,-77.6380783,Central,MONROE,GREECE,RIPPLEWOOD DR,188,E
9302-L0247-0447-0595-ED00039,43.24729078,-77.63809336,Central,MONROE,GREECE,RIPPLEWOOD DR,188,E1
9302-L0247-0447-0595-ED00040,43.24744644,-77.6378121,Central,MONROE,GREECE,RIPPLEWOOD DR,188,F
9302-L0247-0447-0595-ED00041,43.24406565,-77.63807142,Central,MONROE,GREECE,RIPPLEWOOD DR,188,F
9302-L0247-0447-0595-ED00042,43.24440036,-77.63804742,Central,MONROE,GREECE,RIPPLEWOOD DR,188,G
9302-L0247-0447-0595-ED00043,43.24772505,-77.63749526,Central,MONROE,GREECE,RIPPLEWOOD DR,188,G
9302-L0247-0447-0595-ED00044,43.24800859,-77.63711755,Central,MONROE,GREECE,RIPPLEWOOD DR,188,H
9302-L0247-0447-0595-ED00045,43.24465848,-77.6380465,Central,MONROE,GREECE,RIPPLEWOOD DR,188,H
9302-L0247-0447-0595-ED00046,43.24826659,-77.63673659,Central,MONROE,GREECE,RIPPLEWOOD DR,188,J
9302-L0247-0447-0595-ED00047,43.2450045,-77.63805056,Central,MONROE,GREECE,RIPPLEWOOD DR,188,J
9302-L0247-0447-0595-ED00048,43.2485473,-77.63635707,Central,MONROE,GREECE,RIPPLEWOOD DR,188,K
9302-L0247-0447-0595-ED00049,43.24520659,-77.63804587,Central,MONROE,GREECE,RIPPLEWOOD DR,188,K
9302-L0247-0447-0595-ED00050,43.24542882,-77.63803706,Central,MONROE,GREECE,RIPPLEWOOD DR,9188,L
9302-L0247-0447-0595-ED00051,43.24867955,-77.63614802,Central,MONROE,GREECE,RIPPLEWOOD DR,188,L
9302-L0247-0447-0610-ED00018,43.24998133,-77.63380753,Central,MONROE,GREECE,RUMSON RD,9572,15
9302-L0247-0447-0630-ED00010,43.24251661,-77.63966507,Central,MONROE,GREECE,SHADOWBROOK DR,971,A
9302-L0247-0447-0630-ED00011,43.24283186,-77.63963389,Central,MONROE,GREECE,SHADOWBROOK DR,971,B
9302-L0247-0447-0630-ED00012,43.24322707,-77.63958017,Central,MONROE,GREECE,SHADOWBROOK DR,971,C
9302-L0247-0447-0630-ED00013,43.24341717,-77.63955141,Central,MONROE,GREECE,SHADOWBROOK DR,971,D
9302-L0247-0447-0630-ED00014,43.24378923,-77.63952978,Central,MONROE,GREECE,SHADOWBROOK DR,971,E
9302-L0247-0447-0630-ED00015,43.24416787,-77.63950876,Central,MONROE,GREECE,SHADOWBROOK DR,971,F
9302-L0247-0447-0630-ED00016,43.24455597,-77.63949659,Central,MONROE,GREECE,SHADOWBROOK DR,971,G
9302-L0247-0447-0630-ED00017,43.24494134,-77.63948982,Central,MONROE,GREECE,SHADOWBROOK DR,971,H
9302-L0247-0447-0630-ED00018,43.24493776,-77.63920437,Central,MONROE,GREECE,SHADOWBROOK DR,971,J
9302-L0247-0447-0630-ED00019,43.24495164,-77.6397825,Central,MONROE,GREECE,SHADOWBROOK DR,971,K
9302-L0247-0447-0630-HH00001,43.24202992,-77.63892484,Central,MONROE,GREECE,SHADOWBROOK DR,9971,2182.01
9302-L0247-0447-0630-HH00002,43.24243174,-77.63892603,Central,MONROE,GREECE,SHADOWBROOK DR,9971,2182.02
9302-L0247-0447-0647-ED00013,43.24212141,-77.64167786,Central,MONROE,GREECE,SKYCREST DR,10169,19A
9302-L0247-0447-0708-ED00001,43.24248796,-77.64383771,Central,MONROE,GREECE,TANGLEWOOD DR,11170,1
9302-L0247-0447-0708-ED00002,43.24248463,-77.64184182,Central,MONROE,GREECE,TANGLEWOOD DR,11170,1
9302-L0247-0447-0708-ED00003,43.24249399,-77.64338339,Central,MONROE,GREECE,TANGLEWOOD DR,170,13A
9302-L0247-0447-0708-ED00004,43.24251947,-77.64283682,Central,MONROE,GREECE,TANGLEWOOD DR,170,13B
9302-L0247-0447-0708-ED00005,43.24268893,-77.6428567,Central,MONROE,GREECE,TANGLEWOOD DR,170,13B1
9302-L0247-0447-0708-ED00006,43.24247914,-77.64218335,Central,MONROE,GREECE,TANGLEWOOD DR,170,13C
9302-L0247-0447-0708-ED00007,43.24249498,-77.64244268,Central,MONROE,GREECE,TANGLEWOOD DR,170,13D
9302-L0247-0447-0708-ED00008,43.24294772,-77.64237586,Central,MONROE,GREECE,TANGLEWOOD DR,170,13E
9302-L0247-0447-0708-ED00009,43.24214099,-77.64373366,Central,MONROE,GREECE,TANGLEWOOD DR,11170,1A
9302-L0247-0447-0779-ED00001,43.24216846,-77.63063772,Central,MONROE,GREECE,WINDSOR RD,12609,1
9302-L0247-0447-0779-ED00002,43.24518054,-77.63044215,Central,MONROE,GREECE,WINDSOR RD,12609,10
9302-L0247-0447-0779-ED00003,43.24549352,-77.63043185,Central,MONROE,GREECE,WINDSOR RD,12609,11
9302-L0247-0447-0779-ED00004,43.24581756,-77.63040775,Central,MONROE,GREECE,WINDSOR RD,12609,12
9302-L0247-0447-0779-ED00005,43.24614027,-77.63038582,Central,MONROE,GREECE,WINDSOR RD,12609,13
9302-L0247-0447-0779-ED00006,43.24646894,-77.63036897,Central,MONROE,GREECE,WINDSOR RD,12609,14
9302-L0247-0447-0779-ED00007,43.24679784,-77.63035517,Central,MONROE,GREECE,WINDSOR RD,12609,15
9302-L0247-0447-0779-ED00008,43.2471303,-77.6303363,Central,MONROE,GREECE,WINDSOR RD,12609,16
9302-L0247-0447-0779-ED00012,43.24192676,-77.63065362,Central,MONROE,GREECE,WINDSOR RD,12609,1A
9302-L0247-0447-0779-ED00013,43.24244525,-77.63062563,Central,MONROE,GREECE,WINDSOR RD,12609,2
9302-L0247-0447-0779-ED00014,43.24872658,-77.63026805,Central,MONROE,GREECE,WINDSOR RD,12609,20
9302-L0247-0447-0779-ED00024,43.24282783,-77.63060625,Central,MONROE,GREECE,WINDSOR RD,12609,3
9302-L0247-0447-0779-ED00026,43.24321625,-77.63058019,Central,MONROE,GREECE,WINDSOR RD,12609,4
9302-L0247-0447-0779-ED00027,43.24352914,-77.63055701,Central,MONROE,GREECE,WINDSOR RD,12609,5
9302-L0247-0447-0779-ED00028,43.24340244,-77.63070475,Central,MONROE,GREECE,WINDSOR RD,12609,5A
9302-L0247-0447-0779-ED00029,43.24369332,-77.63070409,Central,MONROE,GREECE,WINDSOR RD,12609,5B
9302-L0247-0447-0779-ED00030,43.24386151,-77.63051581,Central,MONROE,GREECE,WINDSOR RD,12609,6
9302-L0247-0447-0779-ED00031,43.2441967,-77.63049839,Central,MONROE,GREECE,WINDSOR RD,12609,7
9302-L0247-0447-0779-ED00032,43.24409857,-77.63068459,Central,MONROE,GREECE,WINDSOR RD,12609,7A
9302-L0247-0447-0779-ED00033,43.24426932,-77.63074722,Central,MONROE,GREECE,WINDSOR RD,12609,7B
9302-L0247-0447-0779-ED00034,43.24452566,-77.6304726,Central,MONROE,GREECE,WINDSOR RD,12609,8
9302-L0247-0447-0779-ED00035,43.24486096,-77.63045748,Central,MONROE,GREECE,WINDSOR RD,12609,9
9302-L0247-0447-0779-ED00036,43.24481583,-77.63087558,Central,MONROE,GREECE,WINDSOR RD,12609,9A
9302-L0247-0447-0779-ED00037,43.24465244,-77.63325361,Central,MONROE,GREECE,WINDSOR RD,609,A
9302-L0247-0447-0779-ED00041,43.24228612,-77.63133361,Central,MONROE,GREECE,WINDSOR RD,609,C
9302-L0247-0447-0779-ED00044,43.24258476,-77.63132232,Central,MONROE,GREECE,WINDSOR RD,609,D
9302-L0247-0447-0779-ED00047,43.2428302,-77.63131608,Central,MONROE,GREECE,WINDSOR RD,609,E
9302-L0247-0447-0779-ED00053,43.24209674,-77.63178551,Central,MONROE,GREECE,WINDSOR RD,609,F
9302-L0247-0447-0779-ED00064,43.24456292,-77.63228647,Central,MONROE,GREECE,WINDSOR RD,12609,J
9302-L0247-0447-0779-ED00068,43.24468389,-77.63284823,Central,MONROE,GREECE,WINDSOR RD,12609,L
9302-L0247-0447-0779-ED00071,43.24473059,-77.63253007,Central,MONROE,GREECE,WINDSOR RD,12609,M
9302-L0247-0447-0779-ED00072,43.24362468,-77.63307755,Central,MONROE,GREECE,WINDSOR RD,12609,N
9302-L0247-0447-0779-ED00074,43.24361672,-77.63258124,Central,MONROE,GREECE,WINDSOR RD,12609,O
9302-L0248-0447-0186-ED00061,43.24206377,-77.645948,Central,MONROE,GREECE,DENISE RD,2955,36B
9302-L0248-0447-0186-ED00062,43.2419724,-77.64613816,Central,MONROE,GREECE,DENISE RD,2955,37A
9302-L0248-0447-0186-ED00075,43.24206774,-77.64661508,Central,MONROE,GREECE,DENISE RD,2955,80
9302-L0248-0447-0186-ED00076,43.24206367,-77.64630524,Central,MONROE,GREECE,DENISE RD,2955,81
9302-L0248-0447-0186-ED00077,43.24226011,-77.64626677,Central,MONROE,GREECE,DENISE RD,2955,81A
9302-L0248-0447-0406-ED00008,43.24216425,-77.64609089,Central,MONROE,GREECE,LAWSON RD,192,11F
9302-L0248-0447-0406-ED00009,43.24252223,-77.6461087,Central,MONROE,GREECE,LAWSON RD,192,11G
9302-L0249-0447-0186-MH00098,43.2419564,-77.64611375,Central,MONROE,GREECE,DENISE RD,2955,1375.48
9302-L0249-0447-0186-MH00099,43.24206725,-77.6461274,Central,MONROE,GREECE,DENISE RD,2955,1375.48 1/16
9302-L0250-0447-0003-ED00025,43.24513676,-77.6436505,Central,MONROE,GREECE,ADELINE RD,41,24A
9302-L0250-0447-0003-ED00026,43.24527386,-77.64385703,Central,MONROE,GREECE,ADELINE RD,41,25
9302-L0250-0447-0003-ED00027,43.24527777,-77.64432544,Central,MONROE,GREECE,ADELINE RD,41,26
9302-L0250-0447-0003-ED00028,43.24526892,-77.64493917,Central,MONROE,GREECE,ADELINE RD,41,27
9302-L0250-0447-0003-ED00040,43.24490912,-77.64365294,Central,MONROE,GREECE,ADELINE RD,41,A
9302-L0250-0447-0003-ED00041,43.24469968,-77.64363662,Central,MONROE,GREECE,ADELINE RD,41,B
9302-L0250-0447-0003-ED00042,43.2442814,-77.64365692,Central,MONROE,GREECE,ADELINE RD,41,D
9302-L0250-0447-0003-ED00043,43.24478649,-77.64336697,Central,MONROE,GREECE,ADELINE RD,41,E
9302-L0250-0447-0003-ED00044,43.24474766,-77.64286218,Central,MONROE,GREECE,ADELINE RD,41,F
9302-L0250-0447-0181-ED00010,43.25159106,-77.64514107,Central,MONROE,GREECE,DELLWOOD CIR,939,1H
9302-L0250-0447-0181-ED00011,43.25162038,-77.64476042,Central,MONROE,GREECE,DELLWOOD CIR,939,1J
9302-L0250-0447-0181-ED00012,43.25162874,-77.64423751,Central,MONROE,GREECE,DELLWOOD CIR,2939,1K
9302-L0250-0447-0182-ED00017,43.24552563,-77.64496262,Central,MONROE,GREECE,DELLWOOD RD,941,A
9302-L0250-0447-0182-ED00018,43.24571433,-77.6449793,Central,MONROE,GREECE,DELLWOOD RD,941,B
9302-L0250-0447-0182-ED00019,43.24617595,-77.64493728,Central,MONROE,GREECE,DELLWOOD RD,941,C
9302-L0250-0447-0182-ED00020,43.24657159,-77.64495889,Central,MONROE,GREECE,DELLWOOD RD,941,D
9302-L0250-0447-0182-ED00021,43.24698454,-77.64494792,Central,MONROE,GREECE,DELLWOOD RD,941,E
9302-L0250-0447-0182-ED00022,43.24739943,-77.64496538,Central,MONROE,GREECE,DELLWOOD RD,2941,F
9302-L0250-0447-0182-ED00023,43.24778632,-77.64502236,Central,MONROE,GREECE,DELLWOOD RD,941,G
9302-L0250-0447-0182-ED00024,43.24822621,-77.64496988,Central,MONROE,GREECE,DELLWOOD RD,941,H
9302-L0250-0447-0182-ED00025,43.24865185,-77.64495739,Central,MONROE,GREECE,DELLWOOD RD,2941,I
9302-L0250-0447-0182-ED00026,43.24904663,-77.64496901,Central,MONROE,GREECE,DELLWOOD RD,941,K
9302-L0250-0447-0182-ED00027,43.24949016,-77.64496008,Central,MONROE,GREECE,DELLWOOD RD,941,L
9302-L0250-0447-0182-ED00028,43.249893,-77.64496619,Central,MONROE,GREECE,DELLWOOD RD,941,M
9302-L0250-0447-0182-ED00029,43.24412674,-77.64492321,Central,MONROE,GREECE,DELLWOOD RD,2941,A
9302-L0250-0447-0182-ED00030,43.2445361,-77.64492721,Central,MONROE,GREECE,DELLWOOD RD,2941,B
9302-L0250-0447-0182-ED00031,43.24492107,-77.6449095,Central,MONROE,GREECE,DELLWOOD RD,2941,C
9302-L0250-0447-0406-ED00001,43.2439159,-77.64663618,Central,MONROE,GREECE,LAWSON RD,192,1
9302-L0250-0447-0406-ED00003,43.24355134,-77.64614036,Central,MONROE,GREECE,LAWSON RD,6192,11A
9302-L0250-0447-0406-ED00004,43.24309891,-77.64614836,Central,MONROE,GREECE,LAWSON RD,192,11B
9302-L0250-0447-0406-ED00010,43.24328515,-77.64504899,Central,MONROE,GREECE,LAWSON RD,192,11H
9302-L0250-0447-0406-ED00011,43.24333866,-77.64443704,Central,MONROE,GREECE,LAWSON RD,192,11J
9302-L0250-0447-0406-ED00012,43.24335649,-77.64416206,Central,MONROE,GREECE,LAWSON RD,192,11K
9302-L0250-0447-0406-ED00013,43.24352172,-77.6436245,Central,MONROE,GREECE,LAWSON RD,192,11L
9302-L0250-0447-0406-ED00014,43.24368718,-77.64286205,Central,MONROE,GREECE,LAWSON RD,192,11M1
9302-L0250-0447-0406-ED00015,43.24398278,-77.64267074,Central,MONROE,GREECE,LAWSON RD,192,11N
9302-L0250-0447-0406-ED00016,43.24421886,-77.6423789,Central,MONROE,GREECE,LAWSON RD,192,11O
9302-L0250-0447-0406-ED00017,43.24456409,-77.6419979,Central,MONROE,GREECE,LAWSON RD,192,11P
9302-L0250-0447-0406-ED00018,43.2447372,-77.64181454,Central,MONROE,GREECE,LAWSON RD,192,11Q
9302-L0250-0447-0406-ED00019,43.24404953,-77.64227728,Central,MONROE,GREECE,LAWSON RD,192,11R
9302-L0250-0447-0406-ED00020,43.24360381,-77.64227764,Central,MONROE,GREECE,LAWSON RD,192,11S
9302-L0250-0447-0406-ED00021,43.24312364,-77.64408081,Central,MONROE,GREECE,LAWSON RD,192,11T
9302-L0250-0447-0406-ED00022,43.24290411,-77.64424673,Central,MONROE,GREECE,LAWSON RD,192,11U
9302-L0250-0447-0406-ED00023,43.24327431,-77.6453732,Central,MONROE,GREECE,LAWSON RD,6192,11V
9302-L0250-0447-0406-ED00024,43.24390094,-77.64613418,Central,MONROE,GREECE,LAWSON RD,6192,2
9302-L0250-0447-0406-ED00025,43.2439094,-77.64542462,Central,MONROE,GREECE,LAWSON RD,6192,3
9302-L0250-0447-0406-ED00026,43.24389429,-77.64493783,Central,MONROE,GREECE,LAWSON RD,6192,4
9302-L0250-0447-0406-ED00032,43.24375654,-77.64315943,Central,MONROE,GREECE,LAWSON RD,6192,11M
9302-L0250-0447-0406-HH00001,43.24387458,-77.64502817,Central,MONROE,GREECE,LAWSON RD,6192,2140.06
9302-L0250-0447-0610-ED00027,43.25036097,-77.63979925,Central,MONROE,GREECE,RUMSON RD,9572,27
9302-L0250-0447-0610-ED00028,43.25022966,-77.64047574,Central,MONROE,GREECE,RUMSON RD,9572,28
9302-L0250-0447-0610-ED00029,43.2501336,-77.6412212,Central,MONROE,GREECE,RUMSON RD,9572,29
9302-L0250-0447-0610-ED00031,43.25015272,-77.64198355,Central,MONROE,GREECE,RUMSON RD,9572,30
9302-L0250-0447-0610-ED00032,43.25014981,-77.64249996,Central,MONROE,GREECE,RUMSON RD,9572,31
9302-L0250-0447-0610-ED00033,43.25015871,-77.64322406,Central,MONROE,GREECE,RUMSON RD,9572,32
9302-L0250-0447-0610-ED00034,43.250147,-77.64378428,Central,MONROE,GREECE,RUMSON RD,9572,33
9302-L0250-0447-0610-ED00035,43.25012745,-77.64446252,Central,MONROE,GREECE,RUMSON RD,9572,34
9302-L0250-0447-0610-ED00036,43.25013146,-77.64495793,Central,MONROE,GREECE,RUMSON RD,9572,35
9302-L0250-0447-0610-ED00037,43.25015791,-77.64561945,Central,MONROE,GREECE,RUMSON RD,9572,36
9302-L0250-0447-0610-ED00038,43.25016415,-77.64611654,Central,MONROE,GREECE,RUMSON RD,9572,37
9302-L0250-0447-0610-ED00104,43.25030812,-77.64007693,Central,MONROE,GREECE,RUMSON RD,9572,28A
9302-L0250-0447-0610-ED00107,43.2501675,-77.64662116,Central,MONROE,GREECE,RUMSON RD,9572,38
9302-L0250-0447-0610-HH00001,43.25035564,-77.6398049,Central,MONROE,GREECE,RUMSON RD,9572,1296.44
9302-L0250-0447-0610-HH00003,43.25023872,-77.64379303,Central,MONROE,GREECE,RUMSON RD,9572,1296.53
9302-L0250-0447-0619-ED00001,43.25185796,-77.64376375,Central,MONROE,GREECE,SANDALWOOD DR,705,1
9302-L0250-0447-0619-ED00002,43.25055864,-77.64067487,Central,MONROE,GREECE,SANDALWOOD DR,9705,17
9302-L0250-0447-0619-ED00019,43.24990687,-77.64123575,Central,MONROE,GREECE,SANDALWOOD DR,705,A
9302-L0250-0447-0619-ED00020,43.25258231,-77.64374969,Central,MONROE,GREECE,SANDALWOOD DR,705,A
9302-L0250-0447-0619-ED00021,43.24952156,-77.64123677,Central,MONROE,GREECE,SANDALWOOD DR,705,B
9302-L0250-0447-0619-ED00022,43.25239512,-77.64374716,Central,MONROE,GREECE,SANDALWOOD DR,9705,B
9302-L0250-0447-0619-ED00023,43.252206,-77.64374057,Central,MONROE,GREECE,SANDALWOOD DR,705,C
9302-L0250-0447-0619-ED00024,43.24913397,-77.64124829,Central,MONROE,GREECE,SANDALWOOD DR,705,C
9302-L0250-0447-0619-ED00025,43.24875897,-77.64125429,Central,MONROE,GREECE,SANDALWOOD DR,705,D
9302-L0250-0447-0619-ED00026,43.25162987,-77.64376496,Central,MONROE,GREECE,SANDALWOOD DR,705,D
9302-L0250-0447-0619-ED00027,43.25123225,-77.64377256,Central,MONROE,GREECE,SANDALWOOD DR,705,E
9302-L0250-0447-0619-ED00028,43.24834697,-77.64125179,Central,MONROE,GREECE,SANDALWOOD DR,705,E
9302-L0250-0447-0619-ED00029,43.24796532,-77.64126088,Central,MONROE,GREECE,SANDALWOOD DR,705,F
9302-L0250-0447-0619-ED00030,43.2508625,-77.64374748,Central,MONROE,GREECE,SANDALWOOD DR,705,F
9302-L0250-0447-0619-ED00031,43.24758443,-77.64126134,Central,MONROE,GREECE,SANDALWOOD DR,705,G
9302-L0250-0447-0619-ED00032,43.25066118,-77.64377446,Central,MONROE,GREECE,SANDALWOOD DR,705,G
9302-L0250-0447-0619-ED00033,43.25068438,-77.64315093,Central,MONROE,GREECE,SANDALWOOD DR,705,H
9302-L0250-0447-0619-ED00034,43.24721819,-77.64128258,Central,MONROE,GREECE,SANDALWOOD DR,9705,H
9302-L0250-0447-0619-ED00035,43.24698567,-77.6411735,Central,MONROE,GREECE,SANDALWOOD DR,9705,J
9302-L0250-0447-0619-ED00036,43.25065888,-77.64249939,Central,MONROE,GREECE,SANDALWOOD DR,705,J
9302-L0250-0447-0619-ED00037,43.25065607,-77.64192657,Central,MONROE,GREECE,SANDALWOOD DR,705,K
9302-L0250-0447-0619-ED00038,43.24712676,-77.64098869,Central,MONROE,GREECE,SANDALWOOD DR,705,K
9302-L0250-0447-0619-ED00039,43.24666081,-77.64137656,Central,MONROE,GREECE,SANDALWOOD DR,705,L
9302-L0250-0447-0619-ED00040,43.25066413,-77.64145543,Central,MONROE,GREECE,SANDALWOOD DR,705,L
9302-L0250-0447-0619-ED00041,43.25066319,-77.64124372,Central,MONROE,GREECE,SANDALWOOD DR,705,M
9302-L0250-0447-0619-ED00042,43.2505482,-77.64113429,Central,MONROE,GREECE,SANDALWOOD DR,705,N
9302-L0250-0447-0642-ED00014,43.24552735,-77.64387422,Central,MONROE,GREECE,SIERRA DR,125,A
9302-L0250-0447-0642-ED00015,43.24595207,-77.64384065,Central,MONROE,GREECE,SIERRA DR,125,B
9302-L0250-0447-0642-ED00016,43.24639014,-77.64385741,Central,MONROE,GREECE,SIERRA DR,125,C
9302-L0250-0447-0642-ED00017,43.24684359,-77.64385045,Central,MONROE,GREECE,SIERRA DR,125,D
9302-L0250-0447-0642-ED00018,43.24727426,-77.64381297,Central,MONROE,GREECE,SIERRA DR,125,E
9302-L0250-0447-0642-ED00019,43.24740213,-77.64380482,Central,MONROE,GREECE,SIERRA DR,10125,E1
9302-L0250-0447-0642-ED00020,43.24769111,-77.64379425,Central,MONROE,GREECE,SIERRA DR,125,F
9302-L0250-0447-0642-ED00021,43.24778012,-77.64378623,Central,MONROE,GREECE,SIERRA DR,10125,F1
9302-L0250-0447-0642-ED00022,43.24816518,-77.64380517,Central,MONROE,GREECE,SIERRA DR,125,G
9302-L0250-0447-0642-ED00023,43.24858761,-77.6438143,Central,MONROE,GREECE,SIERRA DR,125,H
9302-L0250-0447-0642-ED00024,43.2490282,-77.64380718,Central,MONROE,GREECE,SIERRA DR,125,J
9302-L0250-0447-0642-ED00025,43.24945478,-77.64376336,Central,MONROE,GREECE,SIERRA DR,125,K
9302-L0250-0447-0642-ED00026,43.24990903,-77.64376712,Central,MONROE,GREECE,SIERRA DR,125,L
9302-L0250-0447-0642-ED00027,43.24568353,-77.64386815,Central,MONROE,GREECE,SIERRA DR,10125,M
9302-L0250-0447-0642-ED00028,43.24568254,-77.6436168,Central,MONROE,GREECE,SIERRA DR,125,O
9302-L0250-0447-0642-ED00029,43.24567726,-77.64322323,Central,MONROE,GREECE,SIERRA DR,125,P
9302-L0250-0447-0642-ED00030,43.24567568,-77.64258859,Central,MONROE,GREECE,SIERRA DR,125,Q
9302-L0250-0447-0642-ED00031,43.24568579,-77.6428588,Central,MONROE,GREECE,SIERRA DR,10125,Q1
9302-L0250-0447-0642-ED00032,43.24568534,-77.64205843,Central,MONROE,GREECE,SIERRA DR,125,R
9302-L0250-0447-0647-ED00022,43.24990435,-77.64249861,Central,MONROE,GREECE,SKYCREST DR,169,A
9302-L0250-0447-0647-ED00023,43.24951776,-77.64251158,Central,MONROE,GREECE,SKYCREST DR,169,B
9302-L0250-0447-0647-ED00024,43.24912039,-77.6425244,Central,MONROE,GREECE,SKYCREST DR,169,C
9302-L0250-0447-0647-ED00025,43.24875591,-77.64253477,Central,MONROE,GREECE,SKYCREST DR,169,D
9302-L0250-0447-0647-ED00026,43.24837246,-77.64254415,Central,MONROE,GREECE,SKYCREST DR,169,E
9302-L0250-0447-0647-ED00027,43.24800096,-77.64255829,Central,MONROE,GREECE,SKYCREST DR,169,F
9302-L0250-0447-0647-ED00028,43.24760142,-77.64255535,Central,MONROE,GREECE,SKYCREST DR,169,G
9302-L0250-0447-0647-ED00029,43.24722052,-77.64255928,Central,MONROE,GREECE,SKYCREST DR,169,H
9302-L0250-0447-0647-ED00030,43.24684735,-77.64257426,Central,MONROE,GREECE,SKYCREST DR,169,J
9302-L0250-0447-0647-ED00031,43.24643294,-77.64255643,Central,MONROE,GREECE,SKYCREST DR,169,K
9302-L0250-0447-0647-ED00032,43.24659834,-77.64256989,Central,MONROE,GREECE,SKYCREST DR,169,L
9302-L0250-0447-0647-ED00033,43.24662784,-77.64229083,Central,MONROE,GREECE,SKYCREST DR,169,M
9302-L0250-0447-0790-ED00009,43.24533052,-77.64613035,Central,MONROE,GREECE,WOODCROFT DR,738,1A
9302-L0250-0447-0790-ED00010,43.24488482,-77.64614613,Central,MONROE,GREECE,WOODCROFT DR,738,1B
9302-L0250-0447-0790-ED00011,43.24512416,-77.64614568,Central,MONROE,GREECE,WOODCROFT DR,738,1C
9302-L0250-0447-0790-ED00012,43.24454773,-77.64612927,Central,MONROE,GREECE,WOODCROFT DR,738,1D
9302-L0250-0447-0790-ED00013,43.2443643,-77.64612638,Central,MONROE,GREECE,WOODCROFT DR,12738,1D1
9302-L0250-0447-0790-ED00014,43.24420002,-77.6461553,Central,MONROE,GREECE,WOODCROFT DR,738,1E
9302-L0250-0447-0790-ED00021,43.2457051,-77.64614299,Central,MONROE,GREECE,WOODCROFT DR,738,A
9302-L0250-0447-0790-ED00022,43.24600341,-77.64613246,Central,MONROE,GREECE,WOODCROFT DR,738,B
9302-L0250-0447-0790-ED00023,43.2463639,-77.64614987,Central,MONROE,GREECE,WOODCROFT DR,738,C
9302-L0250-0447-0790-ED00024,43.24655735,-77.64613707,Central,MONROE,GREECE,WOODCROFT DR,738,D
9302-L0250-0447-0790-ED00025,43.2469855,-77.64612978,Central,MONROE,GREECE,WOODCROFT DR,738,E
9302-L0250-0447-0790-ED00026,43.2474413,-77.64614582,Central,MONROE,GREECE,WOODCROFT DR,12738,F
9302-L0250-0447-0790-ED00027,43.24788419,-77.64614181,Central,MONROE,GREECE,WOODCROFT DR,738,G
9302-L0250-0447-0790-ED00028,43.24833908,-77.64614926,Central,MONROE,GREECE,WOODCROFT DR,738,H
9302-L0250-0447-0790-ED00029,43.24860423,-77.64614237,Central,MONROE,GREECE,WOODCROFT DR,738,J
9302-L0250-0447-0790-ED00030,43.2489724,-77.64614496,Central,MONROE,GREECE,WOODCROFT DR,738,K
9302-L0250-0447-0790-ED00031,43.24920116,-77.6461448,Central,MONROE,GREECE,WOODCROFT DR,738,L
9302-L0250-0447-0790-ED00032,43.24942617,-77.64614628,Central,MONROE,GREECE,WOODCROFT DR,738,M
9302-L0250-0447-0790-ED00033,43.24971714,-77.64614582,Central,MONROE,GREECE,WOODCROFT DR,738,N
9302-L0250-0447-0790-ED00034,43.2499143,-77.64615967,Central,MONROE,GREECE,WOODCROFT DR,12738,O
9302-L0325-0447-0195-ED00013,43.25337018,-77.63271397,Central,MONROE,GREECE,DOHRCREST DR,60,4A
9302-L0325-0447-0195-ED00014,43.2533672,-77.63248535,Central,MONROE,GREECE,DOHRCREST DR,60,4B
9302-L0325-0447-0195-ED00015,43.25357089,-77.63254108,Central,MONROE,GREECE,DOHRCREST DR,60,4C
9302-L0325-0447-0195-ED00016,43.25386291,-77.63262764,Central,MONROE,GREECE,DOHRCREST DR,60,4D
9302-L0325-0447-0195-ED00017,43.25425686,-77.63273465,Central,MONROE,GREECE,DOHRCREST DR,60,4E
9302-L0325-0447-0195-ED00018,43.25441556,-77.63324188,Central,MONROE,GREECE,DOHRCREST DR,60,4F
9302-L0325-0447-0195-ED00019,43.25444014,-77.63367051,Central,MONROE,GREECE,DOHRCREST DR,60,4G
9302-L0325-0447-0195-ED00020,43.25451338,-77.63426801,Central,MONROE,GREECE,DOHRCREST DR,60,4H
9302-L0325-0447-0401-ED00331,43.2529765,-77.63581473,Central,MONROE,GREECE,LATTA RD,6154,28
9302-L0325-0447-0401-ED00332,43.25281305,-77.63607702,Central,MONROE,GREECE,LATTA RD,6154,28A
9302-L0325-0447-0401-ED00333,43.25299598,-77.63627506,Central,MONROE,GREECE,LATTA RD,6154,29
9302-L0325-0447-0401-ED00339,43.2529783,-77.63678813,Central,MONROE,GREECE,LATTA RD,6154,30
9302-L0325-0447-0401-ED00340,43.25301743,-77.63718012,Central,MONROE,GREECE,LATTA RD,6154,31
9302-L0325-0447-0401-ED00341,43.25282653,-77.63721232,Central,MONROE,GREECE,LATTA RD,6154,31A
9302-L0325-0447-0401-ED00342,43.25303329,-77.63778408,Central,MONROE,GREECE,LATTA RD,6154,32
9302-L0325-0447-0401-ED00343,43.25302512,-77.63811365,Central,MONROE,GREECE,LATTA RD,6154,33
9302-L0325-0447-0401-ED00344,43.25303268,-77.63857826,Central,MONROE,GREECE,LATTA RD,6154,34
9302-L0325-0447-0401-ED00345,43.25285345,-77.638643,Central,MONROE,GREECE,LATTA RD,6154,34A
9302-L0325-0447-0401-ED00346,43.25304523,-77.63918458,Central,MONROE,GREECE,LATTA RD,6154,35
9302-L0325-0447-0401-ED00347,43.25302355,-77.63980091,Central,MONROE,GREECE,LATTA RD,6154,36
9302-L0325-0447-0401-ED00348,43.25301933,-77.64023393,Central,MONROE,GREECE,LATTA RD,6154,37
9302-L0325-0447-0401-ED00349,43.25285826,-77.6404164,Central,MONROE,GREECE,LATTA RD,6154,37A
9302-L0325-0447-0401-ED00350,43.25302381,-77.64068207,Central,MONROE,GREECE,LATTA RD,6154,38
9302-L0325-0447-0401-ED00351,43.25302959,-77.64131407,Central,MONROE,GREECE,LATTA RD,6154,39
9302-L0325-0447-0401-ED00359,43.25303386,-77.64193567,Central,MONROE,GREECE,LATTA RD,6154,40
9302-L0325-0447-0401-ED00360,43.25302096,-77.64245759,Central,MONROE,GREECE,LATTA RD,6154,41
9302-L0325-0447-0401-ED00361,43.25299875,-77.64292512,Central,MONROE,GREECE,LATTA RD,6154,42
9302-L0325-0447-0401-ED00362,43.25303417,-77.64344915,Central,MONROE,GREECE,LATTA RD,6154,43
9302-L0325-0447-0401-ED00363,43.25302244,-77.64380367,Central,MONROE,GREECE,LATTA RD,6154,44
9302-L0325-0447-0401-ED00364,43.25300615,-77.64423089,Central,MONROE,GREECE,LATTA RD,6154,45
9302-L0325-0447-0401-ED00365,43.25301474,-77.64468575,Central,MONROE,GREECE,LATTA RD,6154,46
9302-L0325-0447-0401-ED00366,43.25303331,-77.64518054,Central,MONROE,GREECE,LATTA RD,6154,47
9302-L0325-0447-0401-ED00367,43.25302171,-77.64562239,Central,MONROE,GREECE,LATTA RD,6154,48
9302-L0325-0447-0401-ED00368,43.25303024,-77.64606469,Central,MONROE,GREECE,LATTA RD,6154,49
9302-L0325-0447-0401-ED00396,43.25300269,-77.64631645,Central,MONROE,GREECE,LATTA RD,6154,50
9302-L0325-0447-0401-ED00397,43.25309933,-77.64635411,Central,MONROE,GREECE,LATTA RD,6154,50A
9302-L0325-0447-0401-ED00494,43.25259406,-77.63865673,Central,MONROE,GREECE,LATTA RD,154,A
9302-L0325-0447-0401-ED00498,43.25220274,-77.63868274,Central,MONROE,GREECE,LATTA RD,154,B
9302-L0325-0447-0401-ED00501,43.25182643,-77.6387099,Central,MONROE,GREECE,LATTA RD,154,C
9302-L0325-0447-0401-ED00503,43.2514392,-77.63870933,Central,MONROE,GREECE,LATTA RD,154,D
9302-L0325-0447-0401-ED00505,43.25102781,-77.63874298,Central,MONROE,GREECE,LATTA RD,154,E
9302-L0325-0447-0401-ED00510,43.25085859,-77.63875467,Central,MONROE,GREECE,LATTA RD,154,F
9302-L0325-0447-0401-ED00513,43.25257438,-77.63609067,Central,MONROE,GREECE,LATTA RD,154,G
9302-L0325-0447-0401-ED00515,43.25219348,-77.63609518,Central,MONROE,GREECE,LATTA RD,154,H
9302-L0325-0447-0401-ED00516,43.25177584,-77.63612777,Central,MONROE,GREECE,LATTA RD,154,J
9302-L0325-0447-0401-ED00517,43.2515638,-77.63610651,Central,MONROE,GREECE,LATTA RD,154,K
9302-L0325-0447-0401-ED00518,43.25120275,-77.63614403,Central,MONROE,GREECE,LATTA RD,154,L
9302-L0325-0447-0401-ED00519,43.25197419,-77.63611502,Central,MONROE,GREECE,LATTA RD,6154,I
9302-L0325-0447-0401-ED00520,43.25080661,-77.63616099,Central,MONROE,GREECE,LATTA RD,154,M
9302-L0325-0447-0401-ED00521,43.25053529,-77.63600273,Central,MONROE,GREECE,LATTA RD,154,N
9302-L0325-0447-0401-ED00522,43.25083786,-77.63674478,Central,MONROE,GREECE,LATTA RD,154,P
9302-L0325-0447-0401-ED00523,43.25096026,-77.63732371,Central,MONROE,GREECE,LATTA RD,154,Q
9302-L0325-0447-0401-ED00524,43.25097104,-77.63760286,Central,MONROE,GREECE,LATTA RD,154,R
9302-L0325-0447-0401-ED00798,43.25302996,-77.64212468,Central,MONROE,GREECE,LATTA RD,6154,40A
9302-L0325-0447-0401-MH00005,43.25312065,-77.6421734,Central,MONROE,GREECE,LATTA RD,6154,1222.82
9302-L0325-0447-0580-ED00003,43.25336699,-77.63358838,Central,MONROE,GREECE,RENAY DR,9048,3A
9302-L0325-0447-0580-ED00004,43.2533869,-77.63385619,Central,MONROE,GREECE,RENAY DR,9048,3B
9302-L0325-0447-0580-ED00005,43.25336786,-77.63439962,Central,MONROE,GREECE,RENAY DR,9048,3C
9302-L0325-0447-0580-ED00006,43.25339777,-77.63507576,Central,MONROE,GREECE,RENAY DR,9048,3D
9302-L0325-0447-0580-ED00007,43.25340962,-77.63537996,Central,MONROE,GREECE,RENAY DR,9048,3D1
9302-L0325-0447-0580-ED00008,43.25341826,-77.63564171,Central,MONROE,GREECE,RENAY DR,9048,3E
9302-L0325-0447-0580-ED00009,43.25343782,-77.63624799,Central,MONROE,GREECE,RENAY DR,9048,3F
9302-L0325-0447-0580-ED00010,43.25344784,-77.63684624,Central,MONROE,GREECE,RENAY DR,9048,3G
9302-L0325-0447-0580-ED00011,43.25344409,-77.63745645,Central,MONROE,GREECE,RENAY DR,9048,3H
9302-L0325-0447-0580-ED00012,43.25345322,-77.6379992,Central,MONROE,GREECE,RENAY DR,9048,3J
9302-L0355-0447-0298-MH00101,43.25337478,-77.62835434,Central,MONROE,GREECE,GREENLEAF RD,4608,1848.01
